date,week_load,injury_week
2024-04-21,19.552627557111926,0
2024-04-28,69.82017731471312,0
2024-05-05,84.395434357286,0
2024-05-12,46.23090816603571,0
2024-05-19,94.16831528597292,0
2024-05-26,63.24444415047645,0
2024-06-02,70.805267258069,0
2024-06-09,79.87660605629378,0
2024-06-16,77.41025870245643,0
2024-06-23,48.778369525088266,0
2024-06-30,10.039484516983524,0
2024-07-07,47.88985417052446,0
2024-07-14,41.93191883388394,0
2024-07-21,32.60346785558366,0
2024-07-28,63.36228183449134,0
2024-08-04,93.54945683245303,0
2024-08-11,9.258228346048956,0
2024-08-18,86.67589146852094,0
2024-08-25,0.0,1
2024-09-01,53.970467911577536,0
2024-09-08,78.81607499223641,0
2024-09-15,93.70420701251395,0
2024-09-22,46.14588507995679,0
2024-09-29,15.820326861587668,0
2024-10-06,58.707959327946014,0
2024-10-13,51.11042415939145,0
2024-10-20,40.555133113864514,0
2024-10-27,73.44782379392163,0
2024-11-03,55.39513377995903,0
2024-11-10,38.55084377460861,0
2024-11-17,8.631904014008596,0
2024-11-24,12.08165682520183,0
2024-12-01,0.0,1
2024-12-08,61.635069133247,0
2024-12-15,22.685719636700718,0
2024-12-22,6.87906115474524,0
2024-12-29,47.23903729828097,0
2025-01-05,33.201732545198965,0
2025-01-12,62.08637728551591,0
2025-01-19,16.10984558188045,0
2025-01-26,30.77547531834104,0
2025-02-02,84.00680760530538,0
2025-02-09,9.483836388913488,0
2025-02-16,0.0,1
2025-02-23,8.078542732082816,0
2025-03-02,4.9771550449497735,0
2025-03-09,7.130129952000889,0
2025-03-16,19.730880818135933,0
2025-03-23,10.803684475660909,0
2025-03-30,16.838260998865053,0
2025-04-06,14.414849205739442,0
2025-04-13,9.686900972689156,0
2025-04-20,21.707636630959918,0
2025-04-27,15.270045317892704,0
2025-05-04,18.854899537911677,0
2025-05-11,7.209918687809416,0
2025-05-18,32.13147846746097,0
2025-05-25,40.00177977230975,0
2025-06-01,12.859430031284235,0
2025-06-08,23.252544844101998,0
2025-06-15,28.4073112557103,0
2025-06-22,0.0,1
2025-06-29,0.0,1
2025-07-06,8.103913031765206,0
2025-07-13,16.95434599523913,0
2025-07-20,4.578066287423436,0
2025-07-27,13.576959217870357,0
2025-08-03,0.0,1
2025-08-10,33.88916990635332,0
2025-08-17,20.151604421823116,0
2025-08-24,21.498974285476457,0
2025-08-31,27.255618440817823,0
2025-09-07,30.9862191827081,0
2025-09-14,52.033409942404404,0
2025-09-21,23.115210995508534,0
2025-09-28,39.202822798670354,0
2025-10-05,51.453300494444065,0
2025-10-12,21.85130322475857,0
2025-10-19,53.10859610282044,0
2025-10-26,4.5804725831716375,0
2025-11-02,3.1590998197024565,0
2025-11-09,0.0,1
2025-11-16,25.84213130585803,0
2025-11-23,42.927683504384504,0
2025-11-30,1.7617202242967835,0
2025-12-07,10.488283006723112,0
2025-12-14,30.67112607019362,0
2025-12-21,4.383090330529486,0
2025-12-28,0.0,1
2026-01-04,0.0,1
2026-01-11,1.7617202242967835,0
2026-01-18,7.901079261999337,0
2026-01-25,0.0,1
2026-02-01,0.0,1
2026-02-08,10.436512206178655,0
2026-02-15,11.939786904402347,0
2026-02-22,2.8991320908116553,0
2026-03-01,11.288490808144784,0
2026-03-08,21.904903914599558,0
2026-03-15,14.295774819297964,0
2026-03-22,7.05703213457807,0
2026-03-29,30.882744315473097,0
2026-04-05,43.94571819206926,0
2026-04-12,36.4864856191044,0
2026-04-19,2.2617202242967838,0
2026-04-26,24.27436080387079,0
2026-05-03,17.035669825981564,0
2026-05-10,0.0,1
2026-05-17,25.712561187942878,0
