date,daily_load,attempts,sends,mean_grade,max_grade,readiness
2024-04-18,361.0,17.0,5.0,4.294117647058823,7.0,0.0
2024-04-19,0.0,0.0,0.0,,,361.0
2024-04-20,327.0,19.0,12.0,3.8421052631578947,6.0,326.64630791098136
2024-04-21,0.0,0.0,0.0,,,622.5618018611514
2024-04-22,0.0,0.0,0.0,,,563.3172133638589
2024-04-23,1438.0,16.0,2.0,9.0,11.0,509.71049287536573
2024-04-24,285.0,7.0,3.0,6.142857142857143,8.0,1899.2051263191822
2024-04-25,0.0,0.0,0.0,,,2003.4718628193073
2024-04-26,508.0,16.0,7.0,5.375,7.0,1812.8163074611161
2024-04-27,0.0,0.0,0.0,,,2148.3040270165984
2024-04-28,0.0,0.0,0.0,,,1943.865868961953
2024-04-29,113.0,5.0,3.0,4.6,7.0,1758.8825738797605
2024-04-30,1486.0,22.0,3.0,7.636363636363637,11.0,1704.5027667778052
2024-05-01,0.0,0.0,0.0,,,3028.2978825263785
2024-05-02,0.0,0.0,0.0,,,2740.117237068932
2024-05-03,600.0,6.0,0.0,10.0,10.0,2479.3606059052795
2024-05-04,0.0,0.0,0.0,,,2843.418249027405
2024-05-05,593.0,28.0,21.0,4.25,7.0,2572.8312268462864
2024-05-06,0.0,0.0,0.0,,,2920.993964341884
2024-05-07,0.0,0.0,0.0,,,2643.0246367937316
2024-05-08,974.0,15.0,3.0,7.466666666666667,10.0,2391.50758816187
2024-05-09,0.0,0.0,0.0,,,3137.9255512857912
2024-05-10,549.0,21.0,18.0,5.0,7.0,2839.3124538145003
2024-05-11,0.0,0.0,0.0,,,3118.116149706857
2024-05-12,0.0,0.0,0.0,,,2821.38816603698
2024-05-13,744.0,14.0,3.0,6.857142857142857,9.0,2552.8975834341118
2024-05-14,0.0,0.0,0.0,,,3053.957257904762
2024-05-15,0.0,0.0,0.0,,,2763.334800034724
2024-05-16,1275.0,24.0,5.0,6.791666666666667,10.0,2500.368725632334
2024-05-17,387.0,11.0,1.0,5.7272727272727275,9.0,3537.427181839024
2024-05-18,0.0,0.0,0.0,,,3587.796477705443
2024-05-19,1251.0,35.0,10.0,5.228571428571429,10.0,3246.372501325503
2024-05-20,1121.0,21.0,4.0,6.714285714285714,9.0,4188.439312082308
2024-05-21,0.0,0.0,0.0,,,4910.856612744866
2024-05-22,0.0,0.0,0.0,,,4443.526817820883
2024-05-23,273.0,14.0,6.0,4.214285714285714,6.0,4020.6693328105907
2024-05-24,0.0,0.0,0.0,,,3911.052057876699
2024-05-25,0.0,0.0,0.0,,,3538.8662458533786
2024-05-26,1232.0,20.0,1.0,7.8,8.0,3202.0985966725802
2024-05-27,9.0,9.0,9.0,1.0,1.0,4129.378626509787
2024-05-28,0.0,0.0,0.0,,,3745.4162945039925
2024-05-29,985.0,40.0,22.0,4.675,10.0,3388.9928093888034
2024-05-30,0.0,0.0,0.0,,,4051.4875033897974
2024-05-31,0.0,0.0,0.0,,,3665.9374917721802
2024-06-01,0.0,0.0,0.0,,,3317.0774147363613
2024-06-02,1386.0,15.0,0.0,9.6,10.0,3001.415763375445
2024-06-03,0.0,0.0,0.0,,,4101.793289785066
2024-06-04,516.0,9.0,1.0,7.333333333333333,8.0,3711.456049646343
2024-06-05,522.0,10.0,2.0,7.2,8.0,3874.2643091159393
2024-06-06,0.0,0.0,0.0,,,4027.579314249337
2024-06-07,694.0,24.0,20.0,5.166666666666667,7.0,3644.3044676404106
2024-06-08,0.0,0.0,0.0,,,3991.503045036661
2024-06-09,1305.0,21.0,1.0,7.857142857142857,8.0,3611.661309353643
2024-06-10,0.0,0.0,0.0,,,4572.966293975924
2024-06-11,98.0,3.0,2.0,5.333333333333333,8.0,4137.791014206646
2024-06-12,0.0,0.0,0.0,,,3842.0281376671355
2024-06-13,985.0,16.0,1.0,7.8125,8.0,3476.4108201082367
2024-06-14,909.0,29.0,20.0,5.413793103448276,7.0,4130.58659049901
2024-06-15,0.0,0.0,0.0,,,4646.509305521081
2024-06-16,985.0,16.0,1.0,7.8125,8.0,4204.335482887755
2024-06-17,0.0,0.0,0.0,,,4789.240062893125
2024-06-18,920.0,14.0,2.0,8.0,9.0,4333.483612862591
2024-06-19,839.0,16.0,7.0,6.3125,10.0,4841.0981233637285
2024-06-20,0.0,0.0,0.0,,,5219.4067264031655
2024-06-21,0.0,0.0,0.0,,,4722.71450599816
2024-06-22,0.0,0.0,0.0,,,4273.288799728348
2024-06-23,0.0,0.0,0.0,,,3866.6316040681827
2024-06-24,0.0,0.0,0.0,,,3498.672957121295
2024-06-25,0.0,0.0,0.0,,,3165.7302050738676
2024-06-26,0.0,1.0,0.0,0.0,0.0,2864.471144957487
2024-06-27,0.0,0.0,0.0,,,2591.8806748418415
2024-06-28,0.0,0.0,0.0,,,2345.230617681192
2024-06-29,0.0,0.0,0.0,,,2122.0524168015286
2024-06-30,352.0,11.0,6.0,5.090909090909091,9.0,1920.112429755663
2024-07-01,5.0,5.0,5.0,1.0,1.0,2089.389573278867
2024-07-02,0.0,0.0,0.0,,,1895.5578667569052
2024-07-03,0.0,0.0,0.0,,,1715.1716858940695
2024-07-04,0.0,0.0,0.0,,,1551.9515197527735
2024-07-05,1407.0,32.0,7.0,6.28125,9.0,1404.263806050083
2024-07-06,0.0,0.0,0.0,,,2677.6304365077067
2024-07-07,467.0,15.0,8.0,5.133333333333334,9.0,2422.8202106241324
2024-07-08,0.0,0.0,0.0,,,2659.2583837464795
2024-07-09,47.0,16.0,16.0,1.5625,3.0,2406.196489839643
2024-07-10,276.0,11.0,5.0,4.909090909090909,6.0,2224.2166191536917
2024-07-11,0.0,0.0,0.0,,,2288.5544228276976
2024-07-12,873.0,16.0,2.0,7.0625,9.0,2070.7696749861893
2024-07-13,0.0,0.0,0.0,,,2746.7098860616666
2024-07-14,195.0,9.0,8.0,3.888888888888889,7.0,2485.3258813978828
2024-07-15,0.0,0.0,0.0,,,2443.8158535020057
2024-07-16,0.0,0.0,0.0,,,2211.2560270380995
2024-07-17,663.0,20.0,10.0,5.45,7.0,2000.8271941216078
2024-07-18,618.0,15.0,4.0,6.133333333333334,8.0,2473.4233122651294
2024-07-19,0.0,0.0,0.0,,,2856.0459635799307
2024-07-20,0.0,0.0,0.0,,,2584.2572554776884
2024-07-21,0.0,0.0,0.0,,,2338.3326625871264
2024-07-22,0.0,0.0,0.0,,,2115.810888924486
2024-07-23,0.0,0.0,0.0,,,1914.4648617868002
2024-07-24,0.0,0.0,0.0,,,1732.2794424597384
2024-07-25,96.0,8.0,7.0,2.75,7.0,1567.4312580320413
2024-07-26,0.0,0.0,0.0,,,1514.270452466568
2024-07-27,0.0,0.0,0.0,,,1370.1685664179936
2024-07-28,1798.0,26.0,6.0,7.461538461538462,11.0,1239.7797879116895
2024-07-29,0.0,0.0,0.0,,,2919.7991422271825
2024-07-30,625.0,15.0,6.0,6.2,8.0,2641.943517036453
2024-07-31,0.0,0.0,0.0,,,3015.5293505521063
2024-08-01,677.0,14.0,7.0,6.357142857142857,9.0,2728.563791565222
2024-08-02,0.0,0.0,0.0,,,3145.9066161062833
2024-08-03,1890.0,23.0,1.0,8.869565217391305,12.0,2846.534019899852
2024-08-04,0.0,0.0,0.0,,,4465.650492917703
2024-08-05,0.0,0.0,0.0,,,4040.687661862664
2024-08-06,0.0,0.0,0.0,,,3656.165391049571
2024-08-07,0.0,0.0,0.0,,,3308.235252349728
2024-08-08,331.0,11.0,6.0,5.0,9.0,2993.415043991669
2024-08-09,0.0,0.0,0.0,,,3039.5539395154196
2024-08-10,0.0,0.0,0.0,,,2750.3021386121613
2024-08-11,0.0,0.0,0.0,,,2488.5762859206056
2024-08-12,437.0,10.0,4.0,5.9,9.0,2251.7569411379186
2024-08-13,728.0,17.0,3.0,6.352941176470588,7.0,2474.473936663784
2024-08-14,514.0,10.0,2.0,6.6,8.0,2966.9966078481348
2024-08-15,216.0,6.0,0.0,6.0,6.0,3198.6495499667567
2024-08-16,470.0,14.0,4.0,5.285714285714286,8.0,3110.257799993804
2024-08-17,25.0,2.0,2.0,3.5,4.0,3284.277637172597
2024-08-18,1288.0,27.0,5.0,6.592592592592593,8.0,2996.7372973324946
2024-08-19,0.0,0.0,0.0,,,3999.560038650394
2024-08-20,0.0,0.0,0.0,,,3618.9515786522247
2024-08-21,0.0,0.0,0.0,,,3274.5628024248385
2024-08-22,0.0,0.0,0.0,,,2962.9469513426866
2024-08-23,0.0,0.0,0.0,,,2680.9852692304344
2024-08-24,0.0,0.0,0.0,,,2425.855788802908
2024-08-25,0.0,0.0,0.0,,,2195.0050884680095
2024-08-26,0.0,0.0,0.0,,,1986.1227368251866
2024-08-27,217.0,12.0,8.0,3.9166666666666665,7.0,1797.1181690914154
2024-08-28,933.0,20.0,2.0,6.55,8.0,1843.0997640261874
2024-08-29,0.0,0.0,0.0,,,2600.705631664142
2024-08-30,555.0,22.0,13.0,4.681818181818182,8.0,2353.2157688265615
2024-08-31,0.0,0.0,0.0,,,2684.2776803465313
2024-09-01,384.0,12.0,1.0,5.333333333333333,8.0,2428.83488557631
2024-09-02,0.0,0.0,0.0,,,2581.700686700534
2024-09-03,925.0,20.0,7.0,6.15,9.0,2336.019383495775
2024-09-04,72.0,12.0,12.0,2.3333333333333335,3.0,3038.717747444271
2024-09-05,0.0,0.0,0.0,,,2821.545520737521
2024-09-06,1400.0,14.0,0.0,10.0,10.0,2553.0399638550657
2024-09-07,0.0,0.0,0.0,,,3710.086089037237
2024-09-08,336.0,7.0,3.0,6.0,9.0,3357.0247174955844
2024-09-09,220.0,17.0,14.0,3.2941176470588234,6.0,3373.561577661601
2024-09-10,0.0,0.0,0.0,,,3272.524747516641
2024-09-11,0.0,0.0,0.0,,,2961.1028430017377
2024-09-12,2000.0,20.0,0.0,10.0,10.0,2679.3166510006317
2024-09-13,212.0,18.0,16.0,3.0,7.0,4424.345960592165
2024-09-14,0.0,0.0,0.0,,,4215.313775480042
2024-09-15,694.0,10.0,0.0,8.2,10.0,3814.1736328167735
2024-09-16,0.0,0.0,0.0,,,4145.207021858765
2024-09-17,281.0,11.0,9.0,4.454545454545454,9.0,3750.7384188832143
2024-09-18,0.0,0.0,0.0,,,3674.808466670565
2024-09-19,0.0,0.0,0.0,,,3325.1042047588776
2024-09-20,502.0,13.0,8.0,5.6923076923076925,9.0,3008.6787033345354
2024-09-21,0.0,0.0,0.0,,,3224.3650696249997
2024-09-22,862.0,22.0,6.0,5.909090909090909,8.0,2917.5261644048214
2024-09-23,148.0,21.0,20.0,2.380952380952381,5.0,3501.886841652415
2024-09-24,0.0,0.0,0.0,,,3316.6382480548723
2024-09-25,256.0,4.0,1.0,8.0,8.0,3001.018388929279
2024-09-26,0.0,0.0,0.0,,,2971.4337305172035
2024-09-27,0.0,0.0,0.0,,,2688.6644245861453
2024-09-28,0.0,0.0,0.0,,,2432.8041759076664
2024-09-29,0.0,0.0,0.0,,,2201.292249115393
2024-09-30,221.0,10.0,7.0,4.3,7.0,1991.8115950321426
2024-10-01,779.0,12.0,2.0,7.75,10.0,2023.2656608629702
2024-10-02,0.0,0.0,0.0,,,2609.726476576069
2024-10-03,0.0,0.0,0.0,,,2361.3781668451725
2024-10-04,602.0,16.0,5.0,5.75,8.0,2136.663323494673
2024-10-05,497.0,15.0,9.0,4.866666666666666,11.0,2535.332924843052
2024-10-06,0.0,0.0,0.0,,,2791.0640975765446
2024-10-07,80.0,15.0,15.0,2.1333333333333333,4.0,2525.459231624026
2024-10-08,0.0,0.0,0.0,,,2365.1300104977618
2024-10-09,0.0,0.0,0.0,,,2140.0581320181564
2024-10-10,576.0,9.0,0.0,8.0,8.0,1936.4046746221672
2024-10-11,0.0,0.0,0.0,,,2328.1314060578843
2024-10-12,0.0,0.0,0.0,,,2106.580410305844
2024-10-13,1266.0,24.0,7.0,6.583333333333333,10.0,1906.1127793462722
2024-10-14,807.0,13.0,3.0,7.615384615384615,10.0,2990.722165749027
2024-10-15,0.0,0.0,0.0,,,3513.117322519263
2024-10-16,0.0,0.0,0.0,,,3178.800007365733
2024-10-17,0.0,0.0,0.0,,,2876.297191117499
2024-10-18,217.0,17.0,15.0,3.0,8.0,2602.5813239148406
2024-10-19,348.0,13.0,3.0,4.769230769230769,10.0,2571.912965359714
2024-10-20,0.0,0.0,0.0,,,2675.1630869892915
2024-10-21,0.0,0.0,0.0,,,2420.5876604564974
2024-10-22,180.0,7.0,2.0,4.857142857142857,6.0,2190.238288817161
2024-10-23,0.0,0.0,0.0,,,2161.809558136818
2024-10-24,496.0,13.0,6.0,5.846153846153846,9.0,1956.086178869977
2024-10-25,0.0,0.0,0.0,,,2265.939967544536
2024-10-26,608.0,14.0,2.0,5.714285714285714,12.0,2050.307269657484
2024-10-27,1120.0,16.0,1.0,7.5,10.0,2463.194736057236
2024-10-28,0.0,0.0,0.0,,,3348.790765093796
2024-10-29,0.0,0.0,0.0,,,3030.1111894301357
2024-10-30,171.0,30.0,30.0,2.2333333333333334,4.0,2741.757985005834
2024-10-31,0.0,0.0,0.0,,,2651.845216032154
2024-11-01,0.0,0.0,0.0,,,2399.4887783055456
2024-11-02,1543.0,16.0,0.0,9.8125,10.0,2171.147230768249
2024-11-03,0.0,0.0,0.0,,,3507.5352544642656
2024-11-04,562.0,16.0,9.0,5.5,8.0,3173.7491433195482
2024-11-05,0.0,0.0,0.0,,,3433.7269803350987
2024-11-06,93.0,11.0,9.0,2.8181818181818183,4.0,3106.9646551268224
2024-11-07,0.0,0.0,0.0,,,2904.2978764739396
2024-11-08,695.0,25.0,10.0,5.0,7.0,2627.9173917559997
2024-11-09,0.0,0.0,0.0,,,3072.8379875682917
2024-11-10,0.0,0.0,0.0,,,2780.4187907141068
2024-11-11,300.0,3.0,0.0,10.0,10.0,2515.8269596484174
2024-11-12,0.0,0.0,0.0,,,2576.414370393532
2024-11-13,0.0,0.0,0.0,,,2331.236126697626
2024-11-14,0.0,0.0,0.0,,,2109.389677713231
2024-11-15,0.0,0.0,0.0,,,1908.6547096137447
2024-11-16,0.0,0.0,0.0,,,1727.0221993690748
2024-11-17,0.0,0.0,0.0,,,1562.6743077678977
2024-11-18,0.0,0.0,0.0,,,1413.966185871835
2024-11-19,0.0,0.0,0.0,,,1279.4095128144247
2024-11-20,0.0,0.0,0.0,,,1157.657600185649
2024-11-21,0.0,0.0,0.0,,,1047.4919139216877
2024-11-22,0.0,0.0,0.0,,,947.8098788064455
2024-11-23,0.0,0.0,0.0,,,857.6138435281998
2024-11-24,440.0,11.0,5.0,6.181818181818182,8.0,776.0010958499518
2024-11-25,0.0,0.0,0.0,,,1142.1548279619456
2024-11-26,0.0,0.0,0.0,,,1033.4644255303924
2024-11-27,0.0,0.0,0.0,,,935.1172824289364
2024-11-28,0.0,0.0,0.0,,,846.129107393802
2024-11-29,0.0,0.0,0.0,,,765.6092768592789
2024-11-30,0.0,0.0,0.0,,,692.751921297728
2024-12-01,0.0,0.0,0.0,,,626.8278598064865
2024-12-02,612.0,17.0,10.0,5.294117647058823,10.0,567.1773022203076
2024-12-03,138.0,5.0,2.0,5.2,6.0,1125.2032457096243
2024-12-04,0.0,0.0,0.0,,,1156.1259996135777
2024-12-05,86.0,26.0,24.0,1.5384615384615385,3.0,1046.1060644145923
2024-12-06,0.0,0.0,0.0,,,1032.5559103166588
2024-12-07,329.0,12.0,3.0,5.083333333333333,7.0,934.2952238686953
2024-12-08,933.0,14.0,0.0,7.928571428571429,10.0,1174.385278048679
2024-12-09,0.0,0.0,0.0,,,1995.6277427690093
2024-12-10,14.0,3.0,3.0,2.0,3.0,1805.7186541280403
2024-12-11,0.0,0.0,0.0,,,1647.8818047005839
2024-12-12,882.0,18.0,3.0,6.666666666666667,10.0,1491.0651173937135
2024-12-13,0.0,0.0,0.0,,,2231.171510946013
2024-12-14,0.0,0.0,0.0,,,2018.8474691597808
2024-12-15,0.0,0.0,0.0,,,1826.7287314029675
2024-12-16,0.0,1.0,1.0,0.0,0.0,1652.8925087747648
2024-12-17,219.0,7.0,4.0,5.285714285714286,7.0,1495.5989899307378
2024-12-18,0.0,0.0,0.0,,,1572.273928466118
2024-12-19,0.0,0.0,0.0,,,1422.652281878537
2024-12-20,0.0,0.0,0.0,,,1287.2690174979416
2024-12-21,0.0,0.0,0.0,,,1164.7691741105239
2024-12-22,0.0,0.0,0.0,,,1053.9267321100433
2024-12-23,0.0,0.0,0.0,,,953.632343081528
2024-12-24,0.0,0.0,0.0,,,862.8822270694722
2024-12-25,61.0,5.0,3.0,3.4,4.0,780.7681264106598
2024-12-26,1273.0,30.0,7.0,5.966666666666667,10.0,767.468215586195
2024-12-27,526.0,21.0,6.0,4.571428571428571,8.0,1967.433958615678
2024-12-28,0.0,0.0,0.0,,,2306.207863270077
2024-12-29,0.0,0.0,0.0,,,2086.7431684555236
2024-12-30,984.0,24.0,9.0,6.083333333333333,9.0,1888.1633006494733
2024-12-31,0.0,0.0,0.0,,,2692.4808057899245
2025-01-01,0.0,0.0,0.0,,,2436.2573804223352
2025-01-02,343.0,7.0,0.0,7.0,7.0,2204.4168377723963
2025-01-03,0.0,0.0,0.0,,,2337.63883976497
2025-01-04,0.0,0.0,0.0,,,2115.1830920735115
2025-01-05,0.0,0.0,0.0,,,1913.8968077051134
2025-01-06,328.0,11.0,8.0,4.909090909090909,7.0,1731.7654458711602
2025-01-07,90.0,10.0,10.0,3.0,3.0,1894.9661746859529
2025-01-08,0.0,0.0,0.0,,,1804.6363007683167
2025-01-09,524.0,16.0,10.0,5.625,7.0,1632.902450881169
2025-01-10,0.0,0.0,0.0,,,2001.5112375599072
2025-01-11,0.0,0.0,0.0,,,1811.0422603636644
2025-01-12,1120.0,14.0,0.0,8.857142857142858,10.0,1638.698802821466
2025-01-13,0.0,0.0,0.0,,,2602.7559936835933
2025-01-14,0.0,0.0,0.0,,,2355.0710131022806
2025-01-15,252.0,6.0,3.0,6.333333333333333,8.0,2130.956374786799
2025-01-16,0.0,0.0,0.0,,,2180.1690641093555
2025-01-17,0.0,0.0,0.0,,,1972.6985468505836
2025-01-18,180.0,20.0,14.0,3.0,3.0,1784.9714596955714
2025-01-19,0.0,0.0,0.0,,,1795.1089668588186
2025-01-20,260.0,11.0,5.0,4.181818181818182,7.0,1624.2817626657322
2025-01-21,0.0,0.0,0.0,,,1729.7109162933584
2025-01-22,180.0,20.0,18.0,3.0,3.0,1565.107159447496
2025-01-23,0.0,0.0,0.0,,,1596.1675211040672
2025-01-24,0.0,0.0,0.0,,,1444.2720985486621
2025-01-25,0.0,0.0,0.0,,,1306.8314365921483
2025-01-26,431.0,15.0,12.0,5.266666666666667,7.0,1182.4699828942632
2025-01-27,0.0,0.0,0.0,,,1500.9430862270704
2025-01-28,0.0,0.0,0.0,,,1358.109466760627
2025-01-29,53.0,2.0,1.0,4.5,7.0,1228.8682633138794
2025-01-30,870.0,28.0,13.0,5.285714285714286,8.0,1164.9259864832643
2025-01-31,50.0,7.0,7.0,2.2857142857142856,4.0,1924.06862181251
2025-02-01,1285.0,14.0,2.0,9.5,10.0,1790.9692838848387
2025-02-02,625.0,7.0,1.0,9.285714285714286,10.0,2905.536022612069
2025-02-03,0.0,0.0,0.0,,,3254.0377127107754
2025-02-04,407.0,8.0,1.0,7.125,8.0,2944.3750821608573
2025-02-05,0.0,0.0,0.0,,,3071.1807470718463
2025-02-06,0.0,0.0,0.0,,,2778.9192575022385
2025-02-07,0.0,0.0,0.0,,,2514.470125888731
2025-02-08,0.0,0.0,0.0,,,2275.1866564377137
2025-02-09,0.0,0.0,0.0,,,2058.674019760969
2025-02-10,0.0,0.0,0.0,,,1862.765284618225
2025-02-11,0.0,0.0,0.0,,,1685.499730540974
2025-02-12,0.0,0.0,0.0,,,1525.1032242830004
2025-02-13,0.0,0.0,0.0,,,1379.9704636985468
2025-02-14,0.0,0.0,0.0,,,1248.6489113388789
2025-02-15,0.0,0.0,0.0,,,1129.824256969283
2025-02-16,0.0,0.0,0.0,,,1022.3072635104825
2025-02-17,0.0,0.0,0.0,,,925.0218647542323
2025-02-18,57.0,7.0,7.0,2.7142857142857144,4.0,836.9943957310281
2025-02-19,0.0,0.0,0.0,,,814.3438479438316
2025-02-20,0.0,0.0,0.0,,,736.8487847669646
2025-02-21,98.0,8.0,8.0,3.25,5.0,666.7283518914747
2025-02-22,0.0,0.0,0.0,,,701.2807604568527
2025-02-23,0.0,0.0,0.0,,,634.5450726100728
2025-02-24,0.0,0.0,0.0,,,574.1601251279387
2025-02-25,0.0,0.0,0.0,,,519.5215651599675
2025-02-26,0.0,0.0,0.0,,,470.0825516333455
2025-02-27,0.0,0.0,0.0,,,425.34828228367195
2025-02-28,139.0,6.0,5.0,4.5,7.0,384.8710415075882
2025-03-01,0.0,0.0,0.0,,,487.2457194745367
2025-03-02,0.0,0.0,0.0,,,440.87815875841324
2025-03-03,0.0,0.0,0.0,,,398.9230548394105
2025-03-04,207.0,10.0,7.0,4.1,8.0,360.9605069359097
2025-03-05,0.0,0.0,0.0,,,533.6105731088396
2025-03-06,0.0,0.0,0.0,,,482.83081320849107
2025-03-07,0.0,0.0,0.0,,,436.8833863717737
2025-03-08,0.0,0.0,0.0,,,395.30843530744227
2025-03-09,0.0,0.0,0.0,,,357.6898639314212
2025-03-10,0.0,0.0,0.0,,,323.65117293734085
2025-03-11,0.0,0.0,0.0,,,292.8516916649333
2025-03-12,530.0,10.0,2.0,7.0,8.0,264.9831685535612
2025-03-13,0.0,0.0,0.0,,,769.7666860569918
2025-03-14,0.0,0.0,0.0,,,696.5137007019056
2025-03-15,339.0,6.0,0.0,7.5,8.0,630.2316585697833
2025-03-16,0.0,0.0,0.0,,,909.2571867048032
2025-03-17,0.0,0.0,0.0,,,822.7299251486145
2025-03-18,75.0,6.0,6.0,3.5,4.0,744.4368212123906
2025-03-19,0.0,0.0,0.0,,,748.5942911967167
2025-03-20,0.0,0.0,0.0,,,677.3561256028963
2025-03-21,192.0,9.0,6.0,3.7777777777777777,8.0,612.8971677813659
2025-03-22,0.0,0.0,0.0,,,746.5722908168434
2025-03-23,22.0,3.0,3.0,2.6666666666666665,3.0,675.5265439999041
2025-03-24,0.0,0.0,0.0,,,633.2416938876282
2025-03-25,0.0,0.0,0.0,,,572.980779289999
2025-03-26,108.0,16.0,16.0,2.375,4.0,518.4544489169947
2025-03-27,0.0,0.0,0.0,,,577.1169849273098
2025-03-28,448.0,7.0,0.0,8.0,8.0,522.1970425463247
2025-03-29,0.0,0.0,0.0,,,920.5034236836306
2025-03-30,0.0,0.0,0.0,,,832.9059411791571
2025-03-31,0.0,0.0,0.0,,,753.6444612833593
2025-04-01,0.0,0.0,0.0,,,681.9257084647365
2025-04-02,0.0,0.0,0.0,,,617.0318973395747
2025-04-03,0.0,0.0,0.0,,,558.31354883457
2025-04-04,162.0,8.0,6.0,4.25,6.0,505.18298998196593
2025-04-05,0.0,0.0,0.0,,,619.108472290968
2025-04-06,347.0,10.0,4.0,5.1,8.0,560.192511551947
2025-04-07,0.0,0.0,0.0,,,853.883145755743
2025-04-08,0.0,0.0,0.0,,,772.6254209100495
2025-04-09,0.0,0.0,0.0,,,699.1003909651956
2025-04-10,0.0,0.0,0.0,,,632.5721927088774
2025-04-11,126.0,13.0,7.0,2.769230769230769,5.0,572.374989572046
2025-04-12,0.0,0.0,0.0,,,643.9063077127294
2025-04-13,202.0,11.0,4.0,3.8181818181818183,7.0,582.630520927854
2025-04-14,0.0,0.0,0.0,,,729.1858962253056
2025-04-15,0.0,0.0,0.0,,,659.7946836087426
2025-04-16,189.0,12.0,6.0,3.75,5.0,597.0069179503874
2025-04-17,0.0,0.0,0.0,,,729.1941981878346
2025-04-18,65.0,12.0,12.0,2.25,3.0,659.802195535082
2025-04-19,0.0,0.0,0.0,,,662.0137150224209
2025-04-20,462.0,12.0,3.0,6.0,8.0,599.0147806052809
2025-04-21,0.0,0.0,0.0,,,1004.0109874482591
2025-04-22,276.0,6.0,2.0,6.333333333333333,8.0,908.4667095624169
2025-04-23,0.0,0.0,0.0,,,1098.0146718520814
2025-04-24,0.0,0.0,0.0,,,993.5247606442387
2025-04-25,0.0,0.0,0.0,,,898.9783791761276
2025-04-26,318.0,14.0,6.0,4.428571428571429,7.0,813.4292754838791
2025-04-27,0.0,0.0,0.0,,,1054.0212453836943
2025-04-28,371.0,13.0,10.0,5.153846153846154,7.0,953.7178622280285
2025-04-29,0.0,0.0,0.0,,,1233.9596079931844
2025-04-30,0.0,0.0,0.0,,,1116.5328256572177
2025-05-01,0.0,0.0,0.0,,,1010.280679120071
2025-05-02,0.0,0.0,0.0,,,914.1397611866207
2025-05-03,0.0,0.0,0.0,,,827.1478612361105
2025-05-04,264.0,8.0,2.0,5.25,7.0,748.4343350948484
2025-05-05,0.0,0.0,0.0,,,941.2113913366827
2025-05-06,0.0,0.0,0.0,,,851.6432851631171
2025-05-07,0.0,0.0,0.0,,,770.5987112346572
2025-05-08,0.0,0.0,0.0,,,697.2665482154052
2025-05-09,0.0,0.0,0.0,,,630.9128631700731
2025-05-10,0.0,0.0,0.0,,,570.8735661164836
2025-05-11,312.0,11.0,3.0,5.090909090909091,6.0,516.5477635898196
2025-05-12,0.0,0.0,0.0,,,779.3917446988617
2025-05-13,917.0,20.0,2.0,6.45,11.0,705.2228139118597
2025-05-14,0.0,0.0,0.0,,,1555.111990080061
2025-05-15,0.0,0.0,0.0,,,1407.1235178608051
2025-05-16,0.0,0.0,0.0,,,1273.2180107588472
2025-05-17,331.0,11.0,5.0,4.818181818181818,9.0,1152.0552974519157
2025-05-18,0.0,0.0,0.0,,,1373.4227407810408
2025-05-19,181.0,10.0,7.0,3.7,6.0,1242.724286640188
2025-05-20,0.0,0.0,0.0,,,1305.4634348540874
2025-05-21,867.0,18.0,3.0,6.833333333333333,8.0,1181.2321637337275
2025-05-22,0.0,0.0,0.0,,,1935.8230611338558
2025-05-23,484.0,8.0,3.0,7.75,8.0,1751.6051404108255
2025-05-24,0.0,0.0,0.0,,,2068.9178726678456
2025-05-25,0.0,0.0,0.0,,,1872.0343060332234
2025-05-26,576.0,9.0,0.0,8.0,8.0,1693.8866879458412
2025-05-27,0.0,0.0,0.0,,,2108.6920571663977
2025-05-28,0.0,0.0,0.0,,,1908.0234764393792
2025-05-29,0.0,0.0,0.0,,,1726.4510359734033
2025-05-30,0.0,0.0,0.0,,,1562.1574977556818
2025-05-31,0.0,0.0,0.0,,,1413.4985568347663
2025-06-01,0.0,0.0,0.0,,,1278.986384563925
2025-06-02,0.0,0.0,0.0,,,1157.2747379119687
2025-06-03,412.0,16.0,12.0,4.125,9.0,1047.1454858105076
2025-06-04,0.0,0.0,0.0,,,1359.4964176887902
2025-06-05,0.0,0.0,0.0,,,1230.1232284106613
2025-06-06,0.0,0.0,0.0,,,1113.0615258611617
2025-06-07,389.0,13.0,3.0,5.3076923076923075,7.0,1007.1397171753789
2025-06-08,0.0,0.0,0.0,,,1300.2977012904364
2025-06-09,233.0,11.0,9.0,3.909090909090909,7.0,1176.5580147137318
2025-06-10,448.0,7.0,0.0,8.0,8.0,1297.5937162030875
2025-06-11,0.0,0.0,0.0,,,1622.1113478288873
2025-06-12,0.0,0.0,0.0,,,1467.7470437363206
2025-06-13,0.0,0.0,0.0,,,1328.072445384285
2025-06-14,0.0,0.0,0.0,,,1201.6896424462193
2025-06-15,428.0,8.0,1.0,7.25,8.0,1087.3337533515923
2025-06-16,0.0,0.0,0.0,,,1411.8602659260036
2025-06-17,0.0,0.0,0.0,,,1277.5039976480484
2025-06-18,0.0,0.0,0.0,,,1155.9334187624765
2025-06-19,0.0,0.0,0.0,,,1045.9318100545188
2025-06-20,0.0,0.0,0.0,,,946.3982384514085
2025-06-21,0.0,0.0,0.0,,,856.3365385141528
2025-06-22,0.0,0.0,0.0,,,774.845342478997
2025-06-23,0.0,0.0,0.0,,,701.1090590658845
2025-06-24,0.0,0.0,0.0,,,634.3897107667959
2025-06-25,0.0,0.0,0.0,,,574.0195479188068
2025-06-26,0.0,0.0,0.0,,,519.3943656410219
2025-06-27,0.0,0.0,0.0,,,469.9674567490473
2025-06-28,0.0,0.0,0.0,,,425.2441401257344
2025-06-29,0.0,0.0,0.0,,,384.7768097862913
2025-06-30,0.0,0.0,0.0,,,348.1604550871414
2025-07-01,0.0,0.0,0.0,,,315.02860724327365
2025-07-02,128.0,8.0,1.0,4.0,4.0,285.0496715854681
2025-07-03,0.0,0.0,0.0,,,385.9236088493932
2025-07-04,0.0,0.0,0.0,,,349.1981217904045
2025-07-05,176.0,11.0,3.0,4.0,4.0,315.96752690383613
2025-07-06,0.0,0.0,0.0,,,461.89924122687466
2025-07-07,0.0,0.0,0.0,,,417.9437168244941
2025-07-08,0.0,0.0,0.0,,,378.1711136158275
2025-07-09,161.0,9.0,7.0,3.888888888888889,6.0,342.18337401992886
2025-07-10,0.0,0.0,0.0,,,470.6203206430255
2025-07-11,377.0,16.0,9.0,4.4375,8.0,425.83487580589053
2025-07-12,0.0,0.0,0.0,,,762.3113295338655
2025-07-13,0.0,0.0,0.0,,,689.7678151549824
2025-07-14,0.0,0.0,0.0,,,624.1277289091393
2025-07-15,68.0,5.0,3.0,3.6,4.0,564.7341227507928
2025-07-16,0.0,0.0,0.0,,,578.99256550663
2025-07-17,0.0,0.0,0.0,,,523.8941380350352
2025-07-18,0.0,0.0,0.0,,,474.03901918379586
2025-07-19,0.0,0.0,0.0,,,428.92824216656453
2025-07-20,80.0,5.0,1.0,4.0,4.0,388.11032316469704
2025-07-21,0.0,0.0,0.0,,,431.17674272544633
2025-07-22,16.0,1.0,1.0,4.0,4.0,390.14485060484805
2025-07-23,0.0,0.0,0.0,,,369.01765928131584
2025-07-24,0.0,0.0,0.0,,,333.90098603377925
2025-07-25,144.0,9.0,2.0,4.0,4.0,302.1261060824658
2025-07-26,0.0,0.0,0.0,,,417.37500574891675
2025-07-27,393.0,14.0,4.0,5.071428571428571,6.0,377.6565225545936
2025-07-28,0.0,0.0,0.0,,,734.7177527727376
2025-07-29,0.0,0.0,0.0,,,664.8001144040663
2025-07-30,0.0,0.0,0.0,,,601.5360190273859
2025-07-31,0.0,0.0,0.0,,,544.2922983123697
2025-08-01,0.0,0.0,0.0,,,492.4960378618228
2025-08-02,0.0,0.0,0.0,,,445.6288432918319
2025-08-03,0.0,0.0,0.0,,,403.2216519665324
2025-08-04,0.0,0.0,0.0,,,364.85003846159145
2025-08-05,156.0,13.0,5.0,3.3846153846153846,5.0,330.12996677190694
2025-08-06,0.0,0.0,0.0,,,454.7139467501894
2025-08-07,718.0,25.0,8.0,4.96,8.0,411.4421935223822
2025-08-08,0.0,0.0,0.0,,,1090.2882920578438
2025-08-09,0.0,0.0,0.0,,,986.5336431004555
2025-08-10,436.0,20.0,5.0,4.6,5.0,892.652554428625
2025-08-11,0.0,0.0,0.0,,,1243.705432552401
2025-08-12,90.0,15.0,15.0,2.2666666666666666,4.0,1125.3512123880107
2025-08-13,0.0,0.0,0.0,,,1108.2598854008043
2025-08-14,77.0,5.0,4.0,3.4,7.0,1002.7950132188921
2025-08-15,0.0,0.0,0.0,,,984.3664505803182
2025-08-16,0.0,0.0,0.0,,,890.6915975443171
2025-08-17,532.0,18.0,2.0,5.222222222222222,6.0,805.9310853883239
2025-08-18,0.0,0.0,0.0,,,1261.2366024176895
2025-08-19,219.0,24.0,22.0,2.875,5.0,1141.2140708640682
2025-08-20,0.0,0.0,0.0,,,1251.61319330695
2025-08-21,453.0,16.0,4.0,5.0625,6.0,1132.506450211603
2025-08-22,0.0,0.0,0.0,,,1477.7342123185367
2025-08-23,0.0,0.0,0.0,,,1337.109209217707
2025-08-24,0.0,0.0,0.0,,,1209.8664445006536
2025-08-25,0.0,0.0,0.0,,,1094.7324298103179
2025-08-26,169.0,16.0,12.0,3.1875,4.0,990.5548652298003
2025-08-27,0.0,0.0,0.0,,,1065.2911066774905
2025-08-28,145.0,11.0,4.0,3.5454545454545454,4.0,963.9152544227304
2025-08-29,0.0,0.0,0.0,,,1017.1865900173384
2025-08-30,0.0,0.0,0.0,,,920.3884877720906
2025-08-31,584.0,20.0,7.0,5.1,7.0,832.8019428657198
2025-09-01,0.0,0.0,0.0,,,1337.5503597179486
2025-09-02,369.0,16.0,11.0,4.6875,7.0,1210.2656139802575
2025-09-03,0.0,0.0,0.0,,,1464.0936132916015
2025-09-04,0.0,0.0,0.0,,,1324.7666848137112
2025-09-05,0.0,0.0,0.0,,,1198.6984665868963
2025-09-06,0.0,0.0,0.0,,,1084.6272255101512
2025-09-07,794.0,17.0,5.0,6.235294117647059,8.0,981.4112982621116
2025-09-08,0.0,0.0,0.0,,,1682.0176651508082
2025-09-09,556.0,14.0,7.0,6.0,8.0,1521.9525212259305
2025-09-10,0.0,0.0,0.0,,,1933.1195896793897
2025-09-11,0.0,0.0,0.0,,,1749.1589382802324
2025-09-12,197.0,13.0,8.0,3.6153846153846154,5.0,1582.7044574480058
2025-09-13,0.0,0.0,0.0,,,1629.0902147912577
2025-09-14,1167.0,19.0,4.0,7.421052631578948,10.0,1474.0617836993683
2025-09-15,0.0,0.0,0.0,,,2500.786258388018
2025-09-16,126.0,10.0,6.0,3.4,4.0,2262.8049810996217
2025-09-17,0.0,0.0,0.0,,,2173.47061661709
2025-09-18,0.0,0.0,0.0,,,1966.6375409168324
2025-09-19,0.0,0.0,0.0,,,1779.4872347357755
2025-09-20,0.0,0.0,0.0,,,1610.1466349062684
2025-09-21,591.0,12.0,4.0,6.083333333333333,10.0,1456.9209237878767
2025-09-22,0.0,0.0,0.0,,,1909.2765669627875
2025-09-23,16.0,1.0,0.0,4.0,4.0,1727.5848791671694
2025-09-24,157.0,9.0,5.0,4.111111111111111,5.0,1579.1834415035867
2025-09-25,0.0,0.0,0.0,,,1585.9042678152462
2025-09-26,0.0,0.0,0.0,,,1434.9855229421562
2025-09-27,738.0,18.0,5.0,6.0,10.0,1298.4285954979619
2025-09-28,526.0,9.0,2.0,7.333333333333333,10.0,1912.8667778544332
2025-09-29,0.0,0.0,0.0,,,2256.8334363205704
2025-09-30,1017.0,13.0,3.0,8.23076923076923,10.0,2042.067339457527
2025-10-01,0.0,0.0,0.0,,,2864.7389388903102
2025-10-02,0.0,0.0,0.0,,,2592.1229848125827
2025-10-03,461.0,15.0,6.0,5.4,7.0,2345.449868809482
2025-10-04,180.0,9.0,9.0,4.222222222222222,6.0,2583.2508034263515
2025-10-05,36.0,4.0,4.0,3.0,3.0,2517.421987111618
2025-10-06,0.0,0.0,0.0,,,2313.8576109250307
2025-10-07,588.0,12.0,0.0,7.0,7.0,2093.664946372259
2025-10-08,0.0,0.0,0.0,,,2482.42638430787
2025-10-09,97.0,4.0,2.0,4.75,7.0,2246.192280041476
2025-10-10,0.0,0.0,0.0,,,2129.438823085034
2025-10-11,224.0,7.0,4.0,5.428571428571429,7.0,1926.7959265457946
2025-10-12,0.0,0.0,0.0,,,1967.4370512579012
2025-10-13,356.0,14.0,9.0,4.857142857142857,7.0,1780.2106616084811
2025-10-14,0.0,0.0,0.0,,,1966.8012186099054
2025-10-15,360.0,19.0,16.0,4.105263157894737,6.0,1779.6353364369656
2025-10-16,0.0,0.0,0.0,,,1970.2806428671802
2025-10-17,0.0,0.0,0.0,,,1782.7836496981697
2025-10-18,0.0,0.0,0.0,,,1613.1293545096164
2025-10-19,1000.0,10.0,0.0,10.0,10.0,1459.6198000924953
2025-10-20,0.0,0.0,0.0,,,2320.718611229857
2025-10-21,176.0,11.0,2.0,4.0,4.0,2099.8730361732214
2025-10-22,0.0,0.0,0.0,,,2076.043696254309
2025-10-23,0.0,0.0,0.0,,,1878.4820178485788
2025-10-24,0.0,0.0,0.0,,,1699.7208188570874
2025-10-25,0.0,0.0,0.0,,,1537.9709971166137
2025-10-26,0.0,0.0,0.0,,,1391.613706045187
2025-10-27,0.0,0.0,0.0,,,1259.1841526813798
2025-10-28,0.0,0.0,0.0,,,1139.3569375440172
2025-10-29,0.0,0.0,0.0,,,1030.9327895886865
2025-10-30,0.0,0.0,0.0,,,932.8265635000363
2025-10-31,129.0,7.0,1.0,4.142857142857143,6.0,844.0563791927299
2025-11-01,0.0,0.0,0.0,,,892.7337948255305
2025-11-02,0.0,0.0,0.0,,,807.778941903377
2025-11-03,0.0,0.0,0.0,,,730.908612135671
2025-11-04,0.0,0.0,0.0,,,661.3534614250871
2025-11-05,0.0,0.0,0.0,,,598.4173584450203
2025-11-06,0.0,0.0,0.0,,,541.4704175232915
2025-11-07,0.0,0.0,0.0,,,489.94269453462806
2025-11-08,0.0,0.0,0.0,,,443.3184827082937
2025-11-09,0.0,0.0,0.0,,,401.1311512613916
2025-11-10,0.0,0.0,0.0,,,362.9584752011495
2025-11-11,0.0,0.0,0.0,,,328.418409555277
2025-11-12,217.0,13.0,13.0,3.769230769230769,6.0,297.16526573747313
2025-11-13,0.0,0.0,0.0,,,485.88625177986495
2025-11-14,0.0,0.0,0.0,,,439.64806151966314
2025-11-15,0.0,0.0,0.0,,,397.8100168299667
2025-11-16,550.0,7.0,1.0,8.571428571428571,11.0,359.95338849726863
2025-11-17,0.0,0.0,0.0,,,875.6992946611632
2025-11-18,891.0,11.0,0.0,9.0,9.0,792.3654887571179
2025-11-19,0.0,0.0,0.0,,,1607.9619429877916
2025-11-20,125.0,9.0,6.0,3.6666666666666665,4.0,1454.9441327931581
2025-11-21,0.0,0.0,0.0,,,1441.4878925031294
2025-11-22,416.0,11.0,5.0,5.636363636363637,8.0,1304.3121827826283
2025-11-23,147.0,4.0,1.0,5.75,9.0,1596.1904677818798
2025-11-24,0.0,0.0,0.0,,,1591.2928615613664
2025-11-25,48.0,3.0,2.0,4.0,4.0,1439.8613241942403
2025-11-26,0.0,0.0,0.0,,,1350.8404029137541
2025-11-27,0.0,0.0,0.0,,,1222.2909423511364
2025-11-28,0.0,0.0,0.0,,,1105.9745803657422
2025-11-29,0.0,0.0,0.0,,,1000.727183711542
2025-11-30,0.0,0.0,0.0,,,905.495401067949
2025-12-01,0.0,0.0,0.0,,,819.3261207457587
2025-12-02,171.0,15.0,14.0,3.1333333333333333,5.0,741.356931625011
2025-12-03,0.0,0.0,0.0,,,841.8074918546364
2025-12-04,0.0,0.0,0.0,,,761.6989174130762
2025-12-05,0.0,0.0,0.0,,,689.2136817528334
2025-12-06,0.0,0.0,0.0,,,623.6263282722913
2025-12-07,73.0,6.0,3.0,3.1666666666666665,4.0,564.2804366931457
2025-12-08,0.0,0.0,0.0,,,583.5820533856297
2025-12-09,0.0,0.0,0.0,,,528.0468783975766
2025-12-10,672.0,12.0,2.0,7.333333333333333,8.0,477.7965740512115
2025-12-11,0.0,0.0,0.0,,,1104.3282184109253
2025-12-12,0.0,0.0,0.0,,,999.2374938111928
2025-12-13,0.0,0.0,0.0,,,904.1474739048429
2025-12-14,624.0,12.0,3.0,7.0,8.0,818.1064658117931
2025-12-15,83.0,10.0,9.0,2.7,4.0,1364.2533422036668
2025-12-16,0.0,0.0,0.0,,,1317.427471706494
2025-12-17,0.0,0.0,0.0,,,1192.0576719485462
2025-12-18,0.0,0.0,0.0,,,1078.6183860358794
2025-12-19,0.0,0.0,0.0,,,975.974275466819
2025-12-20,0.0,0.0,0.0,,,883.0980434829128
2025-12-21,0.0,0.0,0.0,,,799.0601535376863
2025-12-22,0.0,0.0,0.0,,,723.0195261824575
2025-12-23,0.0,0.0,0.0,,,654.2151212605177
2025-12-24,0.0,0.0,0.0,,,591.958321161449
2025-12-25,0.0,0.0,0.0,,,535.6260389046269
2025-12-26,0.0,0.0,0.0,,,484.65448207529096
2025-12-27,0.0,0.0,0.0,,,438.53351020056147
2025-12-28,0.0,0.0,0.0,,,396.80152909212217
2025-12-29,0.0,0.0,0.0,,,359.0408710564365
2025-12-30,0.0,0.0,0.0,,,324.87361473608786
2025-12-31,0.0,0.0,0.0,,,293.9578027458108
2026-01-01,0.0,0.0,0.0,,,265.98401924804335
2026-01-02,0.0,0.0,0.0,,,240.67229321522652
2026-01-03,0.0,0.0,0.0,,,217.76929638565895
2026-01-04,0.0,0.0,0.0,,,197.04580786910725
2026-01-05,0.0,0.0,0.0,,,178.29442002709277
2026-01-06,0.0,0.0,0.0,,,161.3274626675335
2026-01-07,0.0,0.0,0.0,,,145.97512477838364
2026-01-08,0.0,0.0,0.0,,,132.08375500194967
2026-01-09,0.0,0.0,0.0,,,119.51432384045839
2026-01-10,0.0,0.0,0.0,,,108.14103220211389
2026-01-11,48.0,3.0,2.0,4.0,4.0,97.85005236150428
2026-01-12,0.0,0.0,0.0,,,136.53838873346697
2026-01-13,0.0,0.0,0.0,,,123.5450431243804
2026-01-14,0.0,0.0,0.0,,,111.78817783180563
2026-01-15,0.0,0.0,0.0,,,101.15012619627569
2026-01-16,0.0,0.0,0.0,,,91.52441902144957
2026-01-17,332.0,11.0,2.0,5.2727272727272725,9.0,82.81471899460969
2026-01-18,0.0,0.0,0.0,,,406.93385651045617
2026-01-19,0.0,0.0,0.0,,,368.2089800363368
2026-01-20,0.0,0.0,0.0,,,333.16926279373314
2026-01-21,0.0,0.0,0.0,,,301.4640155152256
2026-01-22,0.0,0.0,0.0,,,272.77592142954916
2026-01-23,0.0,0.0,0.0,,,246.817860448693
2026-01-24,0.0,0.0,0.0,,,223.33003557355516
2026-01-25,0.0,0.0,0.0,,,202.07737275825465
2026-01-26,0.0,0.0,0.0,,,182.84716821006927
2026-01-27,0.0,0.0,0.0,,,165.44695957838584
2026-01-28,0.0,0.0,0.0,,,149.7025997268064
2026-01-29,0.0,0.0,0.0,,,135.45651381007423
2026-01-30,0.0,0.0,0.0,,,122.56612221205985
2026-01-31,0.0,0.0,0.0,,,110.9024135610401
2026-02-01,0.0,0.0,0.0,,,100.3486535405277
2026-02-02,0.0,0.0,0.0,,,90.79921657299614
2026-02-03,0.0,0.0,0.0,,,82.15852868359774
2026-02-04,263.0,17.0,13.0,3.588235294117647,6.0,74.3401109636999
2026-02-05,0.0,0.0,0.0,,,330.26571406090096
2026-02-06,0.0,0.0,0.0,,,298.8367759766681
2026-02-07,0.0,0.0,0.0,,,270.3986967889188
2026-02-08,16.0,1.0,1.0,4.0,4.0,244.6668586427736
2026-02-09,0.0,0.0,0.0,,,237.38372865329634
2026-02-10,0.0,0.0,0.0,,,214.79368011839748
2026-02-11,100.0,7.0,5.0,3.7142857142857144,5.0,194.3533589287726
2026-02-12,0.0,0.0,0.0,,,275.85819147972666
2026-02-13,0.0,0.0,0.0,,,249.6068137225852
2026-02-14,327.0,13.0,4.0,4.846153846153846,7.0,225.8535848529267
2026-02-15,0.0,0.0,0.0,,,531.3607745724877
2026-02-16,0.0,0.0,0.0,,,480.79511130975726
2026-02-17,0.0,0.0,0.0,,,435.0414071218325
2026-02-18,0.0,0.0,0.0,,,393.6417435588496
2026-02-19,0.0,0.0,0.0,,,356.1817788729628
2026-02-20,0.0,0.0,0.0,,,322.28660114686676
2026-02-21,75.0,6.0,4.0,3.5,4.0,291.616976049316
2026-02-22,0.0,0.0,0.0,,,338.8659516639174
2026-02-23,0.0,0.0,0.0,,,306.61859276387725
2026-02-24,100.0,4.0,0.0,5.0,5.0,277.439975798286
2026-02-25,0.0,0.0,0.0,,,351.03807136128023
2026-02-26,0.0,0.0,0.0,,,317.6323821228637
2026-02-27,0.0,0.0,0.0,,,287.4056645246633
2026-02-28,295.0,12.0,7.0,4.416666666666667,7.0,260.0553994174055
2026-03-01,0.0,0.0,0.0,,,530.3078561551554
2026-03-02,296.0,8.0,1.0,5.5,10.0,479.8423913276158
2026-03-03,0.0,0.0,0.0,,,730.1793504330803
2026-03-04,433.0,16.0,10.0,4.9375,8.0,660.6935981490425
2026-03-05,0.0,0.0,0.0,,,1030.8202894620674
2026-03-06,0.0,0.0,0.0,,,932.7247691759375
2026-03-07,0.0,0.0,0.0,,,843.9642718793416
2026-03-08,0.0,0.0,0.0,,,763.650452681902
2026-03-09,264.0,12.0,3.0,4.666666666666667,5.0,690.9795038866839
2026-03-10,0.0,0.0,0.0,,,889.2241102125953
2026-03-11,0.0,0.0,0.0,,,804.6032479400882
2026-03-12,0.0,0.0,0.0,,,728.0351254094563
2026-03-13,320.0,8.0,2.0,6.0,8.0,658.7534231149784
2026-03-14,0.0,0.0,0.0,,,916.064746493707
2026-03-15,0.0,0.0,0.0,,,828.8896599711317
2026-03-16,82.0,4.0,2.0,4.5,5.0,750.0103797649832
2026-03-17,0.0,0.0,0.0,,,760.6374555267168
2026-03-18,0.0,0.0,0.0,,,688.2532313202364
2026-03-19,0.0,0.0,0.0,,,622.7572767827087
2026-03-20,0.0,0.0,0.0,,,563.4940863871715
2026-03-21,225.0,9.0,0.0,5.0,5.0,509.87053420510017
2026-03-22,0.0,0.0,0.0,,,686.3499377027582
2026-03-23,510.0,22.0,17.0,4.181818181818182,8.0,621.0351055001054
2026-03-24,0.0,0.0,0.0,,,1071.935801370405
2026-03-25,0.0,0.0,0.0,,,969.9276228123044
2026-03-26,0.0,0.0,0.0,,,877.6268059072415
2026-03-27,593.0,17.0,2.0,5.823529411764706,7.0,794.1095730562546
2026-03-28,0.0,0.0,0.0,,,1311.5400557218595
2026-03-29,0.0,0.0,0.0,,,1186.7305176701059
2026-03-30,182.0,11.0,5.0,3.8181818181818183,7.0,1073.7981775130963
2026-03-31,0.0,0.0,0.0,,,1153.612770432669
2026-04-01,0.0,0.0,0.0,,,1043.8320006116064
2026-04-02,0.0,0.0,0.0,,,944.498252296716
2026-04-03,148.0,16.0,12.0,2.875,4.0,854.6173599476368
2026-04-04,0.0,0.0,0.0,,,921.289765383728
2026-04-05,1147.0,13.0,0.0,9.307692307692308,10.0,833.6174525727673
2026-04-06,0.0,0.0,0.0,,,1901.2882634156567
2026-04-07,0.0,0.0,0.0,,,1720.356763211096
2026-04-08,0.0,0.0,0.0,,,1556.6431717246287
2026-04-09,145.0,8.0,3.0,3.875,7.0,1408.5089883066198
2026-04-10,0.0,0.0,0.0,,,1419.4716362598033
2026-04-11,0.0,0.0,0.0,,,1284.391050328599
2026-04-12,1195.0,16.0,1.0,8.4375,10.0,1162.1650817278237
2026-04-13,0.0,0.0,0.0,,,2246.570451882154
2026-04-14,0.0,0.0,0.0,,,2032.781007116927
2026-04-15,0.0,0.0,0.0,,,1839.3363179122177
2026-04-16,0.0,0.0,0.0,,,1664.30032479946
2026-04-17,0.0,0.0,0.0,,,1505.9212087279523
2026-04-18,89.0,5.0,1.0,4.2,5.0,1362.6138582709916
2026-04-19,0.0,0.0,0.0,,,1321.944005297941
2026-04-20,121.0,7.0,5.0,4.142857142857143,5.0,1196.1444005419037
2026-04-21,0.0,0.0,0.0,,,1203.3162109845066
2026-04-22,0.0,0.0,0.0,,,1088.8055334280348
2026-04-23,263.0,15.0,4.0,4.066666666666666,6.0,985.1919876102886
2026-04-24,0.0,0.0,0.0,,,1154.4385743390085
2026-04-25,518.0,20.0,7.0,4.7,8.0,1044.5792188860225
2026-04-26,0.0,0.0,0.0,,,1463.1743633508481
2026-04-27,48.0,3.0,2.0,4.0,4.0,1323.9349130707903
2026-04-28,0.0,0.0,0.0,,,1245.9458483906365
2026-04-29,152.0,11.0,2.0,3.6363636363636362,4.0,1127.3784244704066
2026-04-30,0.0,0.0,0.0,,,1172.0941827472507
2026-05-01,0.0,0.0,0.0,,,1060.5546740119903
2026-05-02,0.0,0.0,0.0,,,959.629552918978
2026-05-03,503.0,16.0,3.0,5.0625,7.0,868.3087269342102
2026-05-04,0.0,0.0,0.0,,,1288.6782265372417
2026-05-05,0.0,0.0,0.0,,,1166.0442791791172
2026-05-06,0.0,0.0,0.0,,,1055.0804948880339
2026-05-07,0.0,0.0,0.0,,,954.6763108145909
2026-05-08,0.0,0.0,0.0,,,863.8268481375696
2026-05-09,0.0,0.0,0.0,,,781.6228548989394
2026-05-10,0.0,0.0,0.0,,,707.2416059046518
2026-05-11,0.0,0.0,0.0,,,639.9386686143707
2026-05-12,273.0,9.0,3.0,5.222222222222222,7.0,579.0404526103968
2026-05-13,0.0,0.0,0.0,,,796.9374680783648
2026-05-14,303.0,12.0,5.0,4.416666666666667,7.0,721.0988409521425
2026-05-15,0.0,0.0,0.0,,,955.4772133958596
2026-05-16,0.0,0.0,0.0,,,864.5515347613032
2026-05-17,476.0,12.0,3.0,6.166666666666667,7.0,782.2785784724437
