date,actual_send_rate,predicted_send_probability,grade_only_expected_send_probability,performance_residual,attempts,mean_grade,readiness
2024-04-18,0.29411764705882354,0.4560942429655643,0.5540598094314414,-0.2599421623726178,17,4.294117647058823,0.0
2024-04-20,0.631578947368421,0.5386278670341819,0.6161375287564309,0.01544141861199017,19,3.8421052631578947,326.64630791098136
2024-04-23,0.125,0.13475250656907867,0.16374323939816893,-0.03874323939816892,16,9.0,509.71049287536573
2024-04-24,0.42857142857142855,0.3068705868129625,0.29824298001901306,0.13032844855241552,7,6.142857142857143,1899.2051263191822
2024-04-26,0.4375,0.38633758662484935,0.3817748918436905,0.0557251081563095,16,5.375,1812.8163074611161
2024-04-29,0.6,0.5555443013136191,0.5457238255497785,0.0542761744502215,5,4.6,1758.8825738797605
2024-04-30,0.13636363636363635,0.18400522967006017,0.18637028972313907,-0.05000665335950272,22,7.636363636363637,1704.5027667778052
2024-05-03,0.0,0.006705322425523043,0.006434427060814574,-0.006434427060814574,6,10.0,2479.3606059052795
2024-05-05,0.75,0.6073123878822475,0.5548906625687448,0.19510933743125522,28,4.25,2572.8312268462864
2024-05-08,0.2,0.22022721241399656,0.21396679159268495,-0.013966791592684961,15,7.466666666666667,2391.50758816187
2024-05-10,0.8571428571428571,0.5278203694997669,0.44956861114227853,0.4075742460005786,21,5.0,2839.3124538145003
2024-05-13,0.21428571428571427,0.2570011407683647,0.23494835791555055,-0.020662643629836268,14,6.857142857142857,2552.8975834341118
2024-05-16,0.20833333333333334,0.29171115083516164,0.27084847120206956,-0.06251513786873622,24,6.791666666666667,2500.368725632334
2024-05-17,0.09090909090909091,0.4779416520905871,0.3515819579629111,-0.26067286705382015,11,5.7272727272727275,3537.4271818390243
2024-05-19,0.2857142857142857,0.4882672640923582,0.43251913280329124,-0.14680484708900554,35,5.228571428571429,3246.372501325503
2024-05-20,0.19047619047619047,0.31199279482127085,0.24947999487471767,-0.059003804398527225,21,6.714285714285714,4188.439312082308
2024-05-23,0.42857142857142855,0.7153965668864508,0.5647717071169035,-0.13620027854547495,14,4.214285714285714,4020.6693328105907
2024-05-26,0.05,0.09432074336324163,0.07215573773693548,-0.022155737736935487,20,7.8,3202.0985966725802
2024-05-27,1.0,0.9888296947074066,0.9705563170026417,0.029443682997358334,9,1.0,4129.378626509787
2024-05-29,0.55,0.6088941220443427,0.5042205535508514,0.04577944644914862,40,4.675,3388.9928093888034
2024-06-02,0.0,0.013277693669653355,0.010437693509514654,-0.010437693509514654,15,9.6,3001.415763375445
2024-06-04,0.1111111111111111,0.16875464225435902,0.1398144962727709,-0.028703385161659784,9,7.333333333333333,3711.456049646343
2024-06-05,0.2,0.16278594448354328,0.09488544068752702,0.10511455931247297,10,7.2,3874.2643091159393
2024-06-07,0.8333333333333334,0.5182562051486608,0.4044804332007894,0.4288529001325439,24,5.166666666666667,3644.304467640411
2024-06-09,0.047619047619047616,0.0916086099939974,0.059687867501580574,-0.01206881988253296,21,7.857142857142857,3611.6613093536425
2024-06-11,0.6666666666666666,0.5432847352589086,0.43308859984508535,0.2335780668215813,3,5.333333333333333,4137.791014206646
2024-06-13,0.0625,0.0960150035950304,0.06541239101497062,-0.0029123910149706257,16,7.8125,3476.4108201082367
2024-06-14,0.6896551724137931,0.499571670295246,0.34681928647106985,0.34283588594272324,29,5.413793103448276,4130.58659049901
2024-06-16,0.0625,0.11496296643596465,0.06541239101497062,-0.0029123910149706257,16,7.8125,4204.335482887755
2024-06-18,0.14285714285714285,0.14165631893665784,0.08564190409749074,0.05721523875965213,14,8.0,4333.483612862591
2024-06-19,0.4375,0.4040240664049075,0.33283220676730807,0.10466779323269192,16,6.3125,4841.0981233637285
2024-06-26,0.0,0.9936378685914229,0.9883844429385786,-0.9883844429385786,1,0.0,2864.471144957487
2024-06-30,0.5454545454545454,0.43828196225499844,0.43059406144649465,0.11486048400805075,11,5.090909090909091,1920.1124297556632
2024-07-01,1.0,0.9780983808748296,0.9705563170026416,0.029443682997358334,5,1.0,2089.389573278867
2024-07-05,0.21875,0.255081183491087,0.2683183593929184,-0.04956835939291844,32,6.28125,1404.263806050083
2024-07-07,0.5333333333333333,0.46648305204697665,0.4326286894155459,0.10070464391778747,15,5.133333333333334,2422.8202106241324
2024-07-09,1.0,0.9568397339248567,0.9397225977990705,0.06027740220092947,16,1.5625,2406.196489839643
2024-07-10,0.45454545454545453,0.48845925288971265,0.45224280789754956,0.0023026466479050063,11,4.909090909090909,2224.2166191536917
2024-07-12,0.125,0.21495055213288358,0.20821852294522947,-0.08321852294522947,16,7.0625,2070.7696749861893
2024-07-14,0.8888888888888888,0.5899022458622123,0.559695711649681,0.3291931772392079,9,3.888888888888889,2485.3258813978828
2024-07-17,0.5,0.36414919292739356,0.353450577014993,0.14654942298500703,20,5.45,2000.8271941216076
2024-07-18,0.26666666666666666,0.28006768561010154,0.25511381405771616,0.011552852608950497,15,6.133333333333334,2473.4233122651294
2024-07-25,0.875,0.7638264140666129,0.7628922455437782,0.11210775445622173,8,2.75,1567.4312580320413
2024-07-28,0.23076923076923078,0.2941415003271309,0.3071643175970321,-0.07639508682780136,26,7.461538461538462,1239.7797879116895
2024-07-30,0.4,0.2900006810181746,0.259430424321159,0.14056957567884104,15,6.2,2641.943517036453
2024-08-01,0.5,0.3425435024193367,0.3142596228961918,0.1857403771038082,14,6.357142857142857,2728.563791565222
2024-08-03,0.043478260869565216,0.05907919035350457,0.045867093499469956,-0.0023888326299047456,23,8.869565217391305,2846.534019899852
2024-08-08,0.5454545454545454,0.5040465454881421,0.4456888705135553,0.09976567494099008,11,5.0,2993.415043991669
2024-08-12,0.4,0.3530379873360593,0.34222985957580343,0.05777014042419659,10,5.9,2251.7569411379186
2024-08-13,0.17647058823529413,0.22508988642916505,0.20335205162306086,-0.02688146338776673,17,6.352941176470588,2474.473936663784
2024-08-14,0.2,0.24043939523940033,0.22720677720751428,-0.027206777207514278,10,6.6,2966.9966078481348
2024-08-15,0.0,0.31240742019905643,0.22334270735276332,-0.22334270735276332,6,6.0,3198.6495499667567
2024-08-16,0.2857142857142857,0.4796167428309247,0.4159627135858215,-0.13024842787153573,14,5.285714285714286,3110.257799993804
2024-08-17,1.0,0.8371986866360094,0.7444676683703868,0.25553233162961314,2,3.5,3284.277637172597
2024-08-18,0.18518518518518517,0.27384331153996716,0.23778703979766455,-0.05260185461247939,27,6.592592592592593,2996.7372973324946
2024-08-27,0.6666666666666666,0.6236453087034651,0.614716843973499,0.051949822693167585,12,3.9166666666666665,1797.1181690914154
2024-08-28,0.1,0.22731061531942176,0.2256811037040448,-0.12568110370404478,20,6.55,1843.0997640261874
2024-08-30,0.5909090909090909,0.5403036998202644,0.5027592194096553,0.08814987149943561,22,4.681818181818182,2353.2157688265615
2024-09-01,0.08333333333333333,0.49433041668826544,0.45185399863477316,-0.36852066530143984,12,5.333333333333333,2428.83488557631
2024-09-03,0.35,0.34130506943256217,0.3251084532575522,0.02489154674244782,20,6.15,2336.019383495775
2024-09-04,1.0,0.930362658083772,0.88680401308779,0.1131959869122101,12,2.3333333333333335,3038.717747444271
2024-09-06,0.0,0.006871936527674588,0.006434427060814574,-0.006434427060814574,14,10.0,2553.0399638550657
2024-09-08,0.42857142857142855,0.4259276194667467,0.406842336840785,0.021729091730643572,7,6.0,3357.0247174955844
2024-09-09,0.8235294117647058,0.8032101451005769,0.7282129939168316,0.09531641784787431,17,3.2941176470588234,3373.561577661601
2024-09-12,0.0,0.007167106124509158,0.006434427060814573,-0.006434427060814573,20,10.0,2679.3166510006317
2024-09-13,0.8888888888888888,0.8498423831193557,0.7604677800105675,0.12842110887832137,18,3.0,4424.345960592165
2024-09-15,0.0,0.11605732783870504,0.07524415352923677,-0.07524415352923677,10,8.2,3814.173632816774
2024-09-17,0.8181818181818182,0.6171460288376232,0.5222341552486875,0.29594766293313063,11,4.454545454545454,3750.7384188832143
2024-09-20,0.6153846153846154,0.41064288820709616,0.36495988591335055,0.2504247294712648,13,5.6923076923076925,3008.678703334535
2024-09-22,0.2727272727272727,0.3761355709446986,0.322415530849453,-0.04968825812218028,22,5.909090909090909,2917.5261644048214
2024-09-23,0.9523809523809523,0.9129201417631915,0.854482444035388,0.09789850834556445,21,2.380952380952381,3501.886841652415
2024-09-25,0.25,0.0552439618939239,0.04136939225873243,0.20863060774126757,4,8.0,3001.018388929279
2024-09-30,0.7,0.5722799989488918,0.5550927506400825,0.14490724935991756,10,4.3,1991.8115950321426
2024-10-01,0.16666666666666666,0.1655968983399322,0.15971153743099897,0.006955129235667691,12,7.75,2023.2656608629702
2024-10-04,0.3125,0.37093861894241803,0.3557074483848094,-0.04320744838480937,16,5.75,2136.663323494673
2024-10-05,0.6,0.5769570624143132,0.5437394420162291,0.0562605579837708,15,4.866666666666666,2535.332924843052
2024-10-07,1.0,0.9238859711044164,0.8953953119877168,0.10460468801228315,15,2.1333333333333333,2525.459231624026
2024-10-10,0.0,0.03930747398122331,0.04136939225873243,-0.04136939225873243,9,8.0,1936.4046746221672
2024-10-13,0.2916666666666667,0.2857072780396796,0.2834990049654674,0.008167661701199232,24,6.583333333333333,1906.1127793462722
2024-10-14,0.23076923076923078,0.17283063002182208,0.143657115563526,0.08711211520570476,13,7.615384615384615,2990.722165749027
2024-10-18,0.8823529411764706,0.7912226877612848,0.7585925214663432,0.12376041971012736,17,3.0,2602.5813239148406
2024-10-19,0.23076923076923078,0.5593631766981497,0.5104171928161753,-0.2796479620469445,13,4.769230769230769,2571.912965359714
2024-10-22,0.2857142857142857,0.4753775534110364,0.44784839449167413,-0.16213410877738843,7,4.857142857142857,2190.238288817161
2024-10-24,0.46153846153846156,0.338264009136596,0.3293683564915263,0.1321701050469353,13,5.846153846153846,1956.086178869977
2024-10-26,0.14285714285714285,0.5439642165407358,0.5164980026204204,-0.37364085976327754,14,5.714285714285714,2050.307269657484
2024-10-27,0.0625,0.3012808822973255,0.2942284587246471,-0.2317284587246471,16,7.5,2463.194736057236
2024-10-30,1.0,0.92432035329661,0.8893320362976428,0.1106679637023573,30,2.2333333333333334,2741.757985005834
2024-11-02,0.0,0.007944522722727925,0.008310958208642737,-0.008310958208642737,16,9.8125,2171.147230768249
2024-11-04,0.5625,0.426120171955036,0.36900497679790234,0.19349502320209766,16,5.5,3173.7491433195482
2024-11-06,0.8181818181818182,0.8946294776883975,0.8348080992523457,-0.016626281070527497,11,2.8181818181818183,3106.964655126823
2024-11-08,0.4,0.4655090119785371,0.41758485648149035,-0.017584856481490357,25,5.0,2627.9173917559992
2024-11-11,0.0,0.006787277654724827,0.006434427060814574,-0.006434427060814574,3,10.0,2515.8269596484174
2024-11-24,0.45454545454545453,0.20696202711156708,0.2525779113216695,0.20196754322378502,11,6.181818181818182,776.0010958499516
2024-12-02,0.5882352941176471,0.4012752612139632,0.4347462979046906,0.15348899621295647,17,5.294117647058823,567.1773022203076
2024-12-03,0.4,0.3501247527839248,0.39117929224908143,0.008820707750918522,5,5.2,1125.2032457096243
2024-12-05,0.9230769230769231,0.9271732701537476,0.9333362471711008,-0.010259324094177671,26,1.5384615384615385,1046.1060644145923
2024-12-07,0.25,0.38911479683445926,0.43617638029601946,-0.18617638029601946,12,5.083333333333333,934.2952238686953
2024-12-08,0.0,0.09632559113267791,0.11560343621548541,-0.11560343621548541,14,7.928571428571429,1174.385278048679
2024-12-10,1.0,0.9206026986794172,0.9099235601019001,0.09007643989809984,3,2.0,1805.71865412804
2024-12-12,0.16666666666666666,0.24662608067931446,0.2551205867020656,-0.0884539200353989,18,6.666666666666667,1491.0651173937135
2024-12-16,1.0,0.9904785891708471,0.9883844429385786,0.011615557061421367,1,0.0,1652.8925087747648
2024-12-17,0.5714285714285714,0.36458173847223596,0.3756729037538265,0.19575566767474495,7,5.285714285714286,1495.5989899307376
2024-12-25,0.6,0.6994709601256133,0.7461006537542879,-0.14610065375428788,5,3.4,780.7681264106598
2024-12-26,0.23333333333333334,0.2969518164963278,0.3253529330695629,-0.09201959973622963,30,5.966666666666667,767.468215586195
2024-12-27,0.2857142857142857,0.5846906377563295,0.5657481112540756,-0.2800338255397899,21,4.571428571428571,1967.433958615678
2024-12-30,0.375,0.31997388426889745,0.31236480351658735,0.06263519648341266,24,6.083333333333333,1888.1633006494733
2025-01-02,0.0,0.10770974537192142,0.10023392045771826,-0.10023392045771826,7,7.0,2204.4168377723963
2025-01-06,0.7272727272727273,0.4244125959583119,0.42510490420118674,0.30216782307154055,11,4.909090909090909,1731.7654458711602
2025-01-07,1.0,0.8519334026971732,0.8318390349179803,0.16816096508201983,10,3.0,1894.9661746859529
2025-01-09,0.625,0.31792141961679277,0.3245729758435778,0.3004270241564222,16,5.625,1632.902450881169
2025-01-12,0.0,0.03298806876812294,0.03690000359506142,-0.03690000359506142,14,8.857142857142858,1638.698802821466
2025-01-15,0.5,0.2528503490543446,0.23753747130220404,0.2624625286977959,6,6.333333333333333,2130.956374786799
2025-01-18,0.7,0.8472190280423412,0.8318390349179803,-0.13183903491798016,20,3.0,1784.9714596955714
2025-01-20,0.45454545454545453,0.5136400948534813,0.5172393533032072,-0.0626938987577527,11,4.181818181818182,1624.2817626657322
2025-01-22,0.9,0.8374275907884149,0.8318390349179803,0.06816096508201983,20,3.0,1565.107159447496
2025-01-26,0.8,0.3557011062628759,0.39016738262735884,0.40983261737264115,15,5.266666666666667,1182.4699828942632
2025-01-29,0.5,0.502741312565871,0.5138046244213984,-0.013804624421398445,2,4.5,1228.8682633138794
2025-01-30,0.4642857142857143,0.36058793923907145,0.3883436651913542,0.07594204909436007,28,5.285714285714286,1164.9259864832643
2025-01-31,1.0,0.8667647668138228,0.8513890078964207,0.14861099210357928,7,2.2857142857142856,1924.06862181251
2025-02-01,0.14285714285714285,0.027132114291841,0.02862783946716118,0.11422930338998168,14,9.5,1790.9692838848387
2025-02-02,0.14285714285714285,0.08179168289861953,0.0663805621033473,0.07647658075379557,7,9.285714285714286,2905.536022612069
2025-02-04,0.125,0.12402001406972898,0.09287585443284503,0.03212414556715497,8,7.125,2944.3750821608573
2025-02-18,1.0,0.8125485417799778,0.8403405838403478,0.1596594161596522,7,2.7142857142857144,836.9943957310281
2025-02-21,1.0,0.690785722012341,0.7378324745851927,0.2621675254148073,8,3.25,666.7283518914747
2025-02-28,0.8333333333333334,0.46278206744869776,0.527657444215813,0.3056758891175204,6,4.5,384.8710415075882
2025-03-04,0.7,0.5461202594025442,0.6017012536136793,0.09829874638632075,10,4.1,360.9605069359097
2025-03-12,0.2,0.17207643326995103,0.199463320790582,0.0005366792094180228,10,7.0,264.9831685535612
2025-03-15,0.0,0.04609277655175178,0.07080165635822534,-0.07080165635822534,6,7.5,630.2316585697833
2025-03-18,1.0,0.6941674972813944,0.7444676683703868,0.25553233162961314,6,3.5,744.4368212123906
2025-03-21,0.6666666666666666,0.5952181073597129,0.6291147822127332,0.037551884453933426,9,3.7777777777777777,612.8971677813659
2025-03-23,1.0,0.8322728782605996,0.8636844660736797,0.13631553392632034,3,2.6666666666666665,675.5265439999041
2025-03-26,1.0,0.8278629661063771,0.8636091846922663,0.13639081530773367,16,2.375,518.4544489169947
2025-03-28,0.0,0.024829841384482052,0.04136939225873243,-0.04136939225873243,7,8.0,522.1970425463247
2025-04-04,0.75,0.4751595941724497,0.5483829813162941,0.20161701868370585,8,4.25,505.18298998196593
2025-04-06,0.4,0.39390596322403115,0.42347818135176374,-0.023478181351763706,10,5.1,560.192511551947
2025-04-11,0.5384615384615384,0.7477989311265418,0.7904933038193606,-0.2520317653578221,13,2.769230769230769,572.374989572046
2025-04-13,0.36363636363636365,0.5514693818552135,0.6077253315405088,-0.24408896790414517,11,3.8181818181818183,582.630520927854
2025-04-16,0.5,0.5909606501083217,0.6531606846316639,-0.1531606846316638,12,3.75,597.0069179503874
2025-04-18,1.0,0.8758399532065008,0.8991283129475094,0.10087168705249061,12,2.25,659.802195535082
2025-04-20,0.25,0.24267449170271893,0.2948640738511304,-0.044864073851130414,12,6.0,599.0147806052809
2025-04-22,0.3333333333333333,0.27258033613594185,0.2916581998738003,0.04167513345953302,6,6.333333333333333,908.4667095624169
2025-04-26,0.42857142857142855,0.46535897352213845,0.5152655374017877,-0.0866941088303592,14,4.428571428571429,813.4292754838791
2025-04-28,0.7692307692307693,0.3577564910018957,0.40110606345280897,0.3681247057779603,13,5.153846153846154,953.7178622280285
2025-05-04,0.25,0.3630185775085274,0.39192549864089915,-0.14192549864089915,8,5.25,748.4343350948484
2025-05-11,0.2727272727272727,0.3185636596946536,0.3834462771006411,-0.11071900437336839,11,5.090909090909091,516.5477635898196
2025-05-13,0.1,0.21707037087091244,0.2665151720610184,-0.16651517206101837,20,6.45,705.2228139118597
2025-05-17,0.45454545454545453,0.42569929167208914,0.4484584359088926,0.006087018636561927,11,4.818181818181818,1152.0552974519157
2025-05-19,0.7,0.5879975481631174,0.6072137024937636,0.09278629750623635,10,3.7,1242.724286640188
2025-05-21,0.16666666666666666,0.13567100015732103,0.15630744818862094,0.010359218478045726,18,6.833333333333333,1181.2321637337275
2025-05-23,0.375,0.05972030211611274,0.0641160566454863,0.31088394335451375,8,7.75,1751.6051404108255
2025-05-26,0.0,0.036348373204989494,0.04136939225873243,-0.04136939225873243,9,8.0,1693.8866879458412
2025-06-03,0.75,0.5689344830911666,0.5821093991622905,0.16789060083770946,16,4.125,1047.1454858105076
2025-06-07,0.23076923076923078,0.3307935293340166,0.37207087898350377,-0.14130164821427307,13,5.3076923076923075,1007.1397171753789
2025-06-09,0.8181818181818182,0.5579934473457127,0.5772031252496723,0.24097869293214583,11,3.909090909090909,1176.5580147137318
2025-06-10,0.0,0.031969004478612825,0.04136939225873243,-0.04136939225873243,7,8.0,1297.5937162030875
2025-06-15,0.125,0.08723685594084457,0.10960938541899402,0.01539061458100597,8,7.25,1087.3337533515923
2025-07-02,0.125,0.554256132378183,0.6570963018227935,-0.5320963018227935,8,4.0,285.0496715854681
2025-07-05,0.2727272727272727,0.5568166093061451,0.6570963018227935,-0.38436902909552084,11,4.0,315.96752690383613
2025-07-09,0.7777777777777778,0.528692638499921,0.6075299934276134,0.17024778435016444,9,3.888888888888889,342.18337401992886
2025-07-11,0.5625,0.47932748511409984,0.5376069654454783,0.024893034554521694,16,4.4375,425.83487580589053
2025-07-15,0.6,0.6435416940069217,0.7111521071352506,-0.11115210713525056,5,3.6,564.7341227507928
2025-07-20,0.2,0.5627791946928884,0.6570963018227935,-0.45709630182279354,5,4.0,388.11032316469704
2025-07-22,1.0,0.5629470934857147,0.6570963018227935,0.34290369817720645,1,4.0,390.14485060484805
2025-07-25,0.2222222222222222,0.5556706903412313,0.6570963018227935,-0.43487407960057134,9,4.0,302.1261060824658
2025-07-27,0.2857142857142857,0.3316719447618396,0.3983652190741832,-0.11265093335989747,14,5.071428571428571,377.6565225545936
2025-08-05,0.38461538461538464,0.6865491524520654,0.7559693381322833,-0.37135395351689865,13,3.3846153846153846,330.1299667719069
2025-08-07,0.32,0.36996904842419304,0.43339297805121485,-0.1133929780512148,25,4.96,411.4421935223821
2025-08-10,0.25,0.44753417204565504,0.5060681927074796,-0.25606819270747966,20,4.6,892.6525544286249
2025-08-12,1.0,0.8728221382344582,0.882657139525437,0.11734286047456295,15,2.2666666666666666,1125.3512123880107
2025-08-14,0.8,0.6947390555531798,0.7132614684428601,0.08673853155713991,5,3.4,1002.7950132188922
2025-08-17,0.1111111111111111,0.3172544698740498,0.36477889943981756,-0.25366778832870646,18,5.222222222222222,805.9310853883239
2025-08-19,0.9166666666666666,0.8004214683013111,0.8161520474924001,0.10051461917426652,24,2.875,1141.2140708640682
2025-08-21,0.25,0.36299485684291577,0.3933798442691485,-0.14337984426914852,16,5.0625,1132.506450211603
2025-08-26,0.75,0.7614455374718949,0.7891739675091216,-0.03917396750912166,16,3.1875,990.5548652298003
2025-08-28,0.36363636363636365,0.6838980780219611,0.7221236460245897,-0.35848728238822597,11,3.5454545454545454,963.9152544227304
2025-08-31,0.35,0.36508438160987766,0.4059330700896496,-0.05593307008964956,20,5.1,832.8019428657196
2025-09-02,0.6875,0.4725492664741073,0.5032764467665272,0.18422355323347284,16,4.6875,1210.2656139802575
2025-09-07,0.29411764705882354,0.27842384377940066,0.29114072351194253,0.002976923546880982,17,6.235294117647059,981.4112982621116
2025-09-09,0.5,0.29423401636016083,0.3032524581180436,0.19674754188195642,14,6.0,1521.9525212259305
2025-09-12,0.6153846153846154,0.6624237245639756,0.6641339845759554,-0.04874936919134006,13,3.6153846153846154,1582.7044574480058
2025-09-14,0.21052631578947367,0.16922261298173383,0.1742529275711965,0.03627338821827717,19,7.421052631578948,1474.0617836993683
2025-09-16,0.6,0.7741769270376254,0.7329444793065255,-0.13294447930652553,10,3.4,2262.8049810996217
2025-09-21,0.3333333333333333,0.3591936247150472,0.3645929726460115,-0.03125963931267811,12,6.083333333333333,1456.9209237878767
2025-09-23,0.0,0.6685666895096164,0.6570963018227935,-0.6570963018227935,1,4.0,1727.5848791671694
2025-09-24,0.5555555555555556,0.6170342762781575,0.6189150438003073,-0.0633594882447517,9,4.111111111111111,1579.1834415035867
2025-09-27,0.2777777777777778,0.34598654818274954,0.36303186224077194,-0.08525408446299418,18,6.0,1298.4285954979619
2025-09-28,0.2222222222222222,0.18788396706455077,0.1843983930873162,0.03782382913490599,9,7.333333333333333,1912.8667778544332
2025-09-30,0.23076923076923078,0.21541563237032582,0.2116103047920218,0.019158925977208988,13,8.23076923076923,2042.067339457527
2025-10-03,0.4,0.3936693979405385,0.3594091697051756,0.040590830294824375,15,5.4,2345.449868809482
2025-10-04,1.0,0.6205239621055143,0.5636093796457352,0.43639062035426485,9,4.222222222222222,2583.2508034263515
2025-10-05,1.0,0.8763833359235097,0.8318390349179802,0.16816096508201983,4,3.0,2517.421987111618
2025-10-07,0.0,0.10419135556715346,0.10023392045771824,-0.10023392045771824,12,7.0,2093.664946372259
2025-10-09,0.5,0.5567060522577829,0.5178807064815247,-0.017880706481524726,4,4.75,2246.192280041476
2025-10-11,0.5714285714285714,0.39223708217939096,0.3814394438984979,0.1899891275300735,7,5.428571428571429,1926.7959265457946
2025-10-13,0.6428571428571429,0.5074126815290453,0.4979927642899149,0.14486437856722795,14,4.857142857142857,1780.210661608481
2025-10-15,0.8421052631578947,0.6032212743297777,0.5951313536343665,0.24697390952352816,19,4.105263157894737,1779.6353364369659
2025-10-19,0.0,0.004772279918405249,0.006434427060814573,-0.006434427060814573,10,10.0,1459.6198000924953
2025-10-21,0.18181818181818182,0.6956302862769708,0.6570963018227935,-0.4752781200046117,11,4.0,2099.8730361732214
2025-10-31,0.14285714285714285,0.5558696977955504,0.6040101226637978,-0.461152979806655,7,4.142857142857143,844.0563791927299
2025-11-12,1.0,0.5767043979463344,0.6452460368009196,0.3547539631990805,13,3.769230769230769,297.16526573747313
2025-11-16,0.14285714285714285,0.09097898118506777,0.11323483352671206,0.029622309330430783,7,8.571428571428571,359.9533884972686
2025-11-18,0.0,0.010232025379427377,0.016442593182564774,-0.016442593182564774,11,9.0,792.3654887571179
2025-11-20,0.6666666666666666,0.6998706014870374,0.706543164006957,-0.039876497340290404,9,3.6666666666666665,1454.9441327931581
2025-11-22,0.45454545454545453,0.3523810687446771,0.36727700232543703,0.08726845222001757,11,5.636363636363637,1304.3121827826283
2025-11-23,0.25,0.37661192134644794,0.38141340993061135,-0.13141340993061137,4,5.75,1596.1904677818798
2025-11-25,0.6666666666666666,0.6468466560910366,0.6570963018227935,0.009570364843873117,3,4.0,1439.8613241942403
2025-12-02,0.9333333333333333,0.7145452363862197,0.757090131849701,0.17624320148363234,15,3.1333333333333333,741.356931625011
2025-12-07,0.5,0.6803016819667267,0.7414347808579556,-0.24143478085795547,6,3.1666666666666665,564.2804366931457
2025-12-10,0.16666666666666666,0.11542088799907939,0.1439905438527426,0.02267612281392405,12,7.333333333333333,477.7965740512115
2025-12-14,0.25,0.1699841346307591,0.19530111964974772,0.0546988803502523,12,7.0,818.1064658117931
2025-12-15,0.9,0.8295265904924666,0.834187574062585,0.06581242593741501,10,2.7,1364.2533422036668
2026-01-11,0.6666666666666666,0.5386963510738401,0.6570963018227935,0.009570364843873117,3,4.0,97.8500523615043
2026-01-17,0.18181818181818182,0.31301179623131103,0.4073123315335939,-0.2254941497154121,11,5.2727272727272725,82.81471899460969
2026-02-04,0.7647058823529411,0.5900162382717619,0.6687813998812359,0.09592448247170524,17,3.588235294117647,74.3401109636999
2026-02-08,1.0,0.5509074892740644,0.6570963018227935,0.34290369817720645,1,4.0,244.6668586427736
2026-02-11,0.7142857142857143,0.6062564597283273,0.6989804832258378,0.015305231059876467,7,3.7142857142857144,194.3533589287726
2026-02-14,0.3076923076923077,0.3978732383069979,0.4887146711002713,-0.1810223634079636,13,4.846153846153846,225.8535848529267
2026-02-21,0.6666666666666666,0.6627336879695465,0.7444676683703868,-0.07780100170372019,6,3.5,291.616976049316
2026-02-24,0.0,0.3150387180640361,0.4260573723585436,-0.4260573723585436,4,5.0,277.439975798286
2026-02-28,0.5833333333333334,0.42046537541051404,0.4918089523750501,0.09152438095828319,12,4.416666666666667,260.0553994174055
2026-03-02,0.125,0.42861093166848085,0.4944308331322988,-0.3694308331322988,8,5.5,479.8423913276158
2026-03-04,0.625,0.3956213941067712,0.4528530735852926,0.17214692641470739,16,4.9375,660.6935981490425
2026-03-09,0.25,0.42633603118142765,0.5030703488466269,-0.2530703488466269,12,4.666666666666667,690.9795038866838
2026-03-13,0.25,0.3054682447235846,0.34923284704076296,-0.09923284704076299,8,6.0,658.7534231149784
2026-03-16,0.5,0.47129141457034784,0.5415768370906686,-0.04157683709066856,4,4.5,750.0103797649832
2026-03-21,0.0,0.3320984264333329,0.4260573723585436,-0.4260573723585436,9,5.0,509.8705342051001
2026-03-23,0.7727272727272727,0.5336085628519558,0.5716295370858027,0.20109773564147015,22,4.181818181818182,621.0351055001054
2026-03-27,0.11764705882352941,0.23678872907177836,0.2918947745170273,-0.17424771569349784,17,5.823529411764706,794.1095730562546
2026-03-30,0.45454545454545453,0.6285560592166092,0.6595396345843443,-0.20499418003888972,11,3.8181818181818183,1073.7981775130963
2026-04-03,0.75,0.7782725132234175,0.8091282542640789,-0.05912825426407891,16,2.875,854.6173599476368
2026-04-05,0.0,0.0193221744317217,0.028080463998561574,-0.028080463998561574,13,9.307692307692308,833.6174525727673
2026-04-09,0.375,0.6137089233015074,0.6245389936407616,-0.24953899364076162,8,3.875,1408.5089883066198
2026-04-12,0.0625,0.07472244143377436,0.0881996369095631,-0.0256996369095631,16,8.4375,1162.1650817278237
2026-04-18,0.2,0.5923777310307743,0.6108885159299435,-0.4108885159299436,5,4.2,1362.6138582709916
2026-04-20,0.7142857142857143,0.5932440229758349,0.6240907404707577,0.09019497381495645,7,4.142857142857143,1196.1444005419037
2026-04-23,0.26666666666666666,0.5805679969053096,0.6210635122747828,-0.3543968456081162,15,4.066666666666666,985.1919876102886
2026-04-25,0.35,0.45646868699323867,0.4869741644764699,-0.13697416447646987,20,4.7,1044.5792188860225
2026-04-27,0.6666666666666666,0.6379147818829692,0.6570963018227935,0.009570364843873117,3,4.0,1323.9349130707903
2026-04-29,0.18181818181818182,0.6771873493047426,0.7062379430159363,-0.5244197611977545,11,3.6363636363636362,1127.3784244704066
2026-05-03,0.1875,0.38280201535963315,0.41197183205200777,-0.22447183205200774,16,5.0625,868.3087269342102
2026-05-12,0.3333333333333333,0.3664365752834088,0.416507503477989,-0.08317417014465563,9,5.222222222222222,579.0404526103968
2026-05-14,0.4166666666666667,0.48909570708025657,0.5223601498777011,-0.10569348321103438,12,4.416666666666667,721.0988409521425
2026-05-17,0.25,0.20116939774269546,0.24265687630461308,0.007343123695386919,12,6.166666666666667,782.2785784724437
