acute_7,chronic_30_expected_7,chronic_90_expected_7,acwr_7_30,acwr_7_90,ramp_7_30,ramp_7_90,z_overshoot_7_30,z_overshoot_7_90,ma_7,ma_30,ma_90,week_end,week_load,injury_week,predicted_injury_probability
251.0,275.88235294117646,275.88235294117646,0.9098081023454158,0.9098081023454158,-24.882352941176464,-24.882352941176464,-0.17429067737067647,-0.17429067737067647,35.857142857142854,39.411764705882355,39.411764705882355,2024-05-12,217.0,0,0.29863681791393487
336.0,293.41666666666663,293.41666666666663,1.1451292246520877,1.1451292246520877,42.58333333333337,42.58333333333337,0.294807603190409,0.294807603190409,48.0,41.916666666666664,41.916666666666664,2024-05-19,505.0,0,0.22762289421131343
322.0,292.83333333333337,299.8709677419355,1.099601593625498,1.0737951807228916,29.16666666666663,22.129032258064512,0.19503971332171677,0.14975045047118674,46.0,41.833333333333336,42.83870967741935,2024-05-26,356.0,0,0.23914404575720868
383.0,321.5333333333333,315.1842105263158,1.191167323242795,1.2151623945896302,61.4666666666667,67.81578947368422,0.3758750865464157,0.4319486945205883,54.714285714285715,45.93333333333333,45.026315789473685,2024-06-02,340.0,0,0.20916621204597471
352.0,339.0333333333333,320.9111111111111,1.0382459935109627,1.0968769475798075,12.966666666666697,31.088888888888903,0.07407411599592047,0.18786538967168012,50.285714285714285,48.43333333333333,45.84444444444444,2024-06-09,427.0,0,0.22811504675288488
406.0,365.8666666666667,332.36538461538464,1.1096938775510203,1.2215471850951802,40.133333333333326,73.63461538461536,0.2259406533451654,0.4499357749009336,58.0,52.266666666666666,47.48076923076923,2024-06-16,423.0,0,0.20404536477911367
463.0,388.9666666666667,347.864406779661,1.1903333618990486,1.3309783667900994,74.0333333333333,115.13559322033899,0.40132234767801245,0.6845140014460768,66.14285714285714,55.56666666666667,49.69491525423729,2024-06-23,213.0,0,0.1851324561848667
338.0,363.76666666666665,346.8181818181818,0.9291670484742968,0.9745740498034077,-25.76666666666665,-8.818181818181813,-0.1453754904494471,-0.05305948540046583,48.285714285714285,51.96666666666667,49.54545454545455,2024-06-30,56.0,0,0.22575326307199364
0.0,281.6333333333333,313.56164383561645,0.0,0.0,-281.6333333333333,-313.56164383561645,-1.7842752628579197,-1.9281738762207703,0.0,40.233333333333334,44.794520547945204,2024-07-07,283.0,0,0.4065037517412969
262.0,276.9666666666667,309.05,0.9459622096521842,0.8477592622552985,-14.966666666666697,-47.05000000000001,-0.08864514572833758,-0.28568169593581944,37.42857142857143,39.56666666666667,44.15,2024-07-14,227.0,0,0.2662782097350169
269.0,239.40000000000003,305.82758620689657,1.1236424394319129,0.8795805615063704,29.599999999999966,-36.82758620689657,0.19678886826978845,-0.22882591462193963,38.42857142857143,34.2,43.689655172413794,2024-07-21,201.0,0,0.26652856841769107
236.0,178.96666666666667,302.6333333333333,1.3186813186813187,0.7798215662517899,57.03333333333333,-66.63333333333333,0.4459515271101879,-0.415504310296088,33.714285714285715,25.566666666666666,43.233333333333334,2024-07-28,216.0,0,0.29131422059081363
22.0,184.1,283.1111111111111,0.11950027159152635,0.07770800627943486,-162.1,-261.1111111111111,-1.2736726366474043,-1.649774732661226,3.142857142857143,26.3,40.44444444444444,2024-08-04,386.0,0,0.4051364858671886
580.0,305.2,299.44444444444446,1.9003931847968545,1.9369202226345084,274.8,280.55555555555554,1.5916799134824555,1.6901788611165842,82.85714285714286,43.6,42.77777777777778,2024-08-11,55.0,0,0.1503667801663386
55.0,234.73333333333332,286.84444444444443,0.23430843510366375,0.19174155562441897,-179.73333333333332,-231.84444444444443,-1.157227606047962,-1.4108406808226277,7.857142857142857,33.53333333333333,40.977777777777774,2024-08-18,528.0,0,0.37180346305940626
350.0,234.9666666666667,274.7888888888889,1.4895729890764646,1.273705066515709,115.0333333333333,75.21111111111111,0.7725576052936797,0.482556057370175,50.0,33.56666666666667,39.25555555555555,2024-08-25,0.0,1,0.23607437029444625
178.0,271.3666666666667,260.94444444444446,0.6559390738238545,0.6821375345965509,-93.36666666666667,-82.94444444444446,-0.5684395980645758,-0.534245262268402,25.428571428571427,38.766666666666666,37.27777777777778,2024-09-01,345.0,0,0.3486915549939278
281.0,249.20000000000002,256.35555555555555,1.1276083467094702,1.0961338418862692,31.799999999999983,24.644444444444446,0.21043578523684883,0.16459872524376706,40.142857142857146,35.6,36.62222222222222,2024-09-08,333.0,0,0.2736248711777592
355.0,271.59999999999997,250.75555555555556,1.3070692194403537,1.4157213753987947,83.40000000000003,104.24444444444444,0.5912501612776374,0.7053536714958026,50.714285714285715,38.8,35.82222222222222,2024-09-15,392.0,0,0.20840144018643258
352.0,290.9666666666667,245.23333333333332,1.2097605682208727,1.4353676770422727,61.0333333333333,106.76666666666668,0.3874932127712294,0.7267617582790017,50.285714285714285,41.56666666666667,35.03333333333333,2024-09-22,253.0,0,0.21415958385148354
205.0,278.3666666666667,244.6111111111111,0.7364387498503173,0.8380649557120147,-73.36666666666667,-39.611111111111086,-0.5135203211880185,-0.27343854920845245,29.285714285714285,39.766666666666666,34.94444444444444,2024-09-29,82.0,0,0.3543446996947343
212.0,286.3,256.7444444444444,0.7404820118756549,0.8257238066386811,-74.30000000000001,-44.74444444444441,-0.5253246841251364,-0.3053945842417747,30.285714285714285,40.9,36.67777777777778,2024-10-06,301.0,0,0.3468623918784781
301.0,282.33333333333337,258.14444444444445,1.0661157024793386,1.166013859596264,18.66666666666663,42.855555555555554,0.13610313485428846,0.3059027118823315,43.0,40.333333333333336,36.87777777777778,2024-10-13,262.0,0,0.251830224012371
104.0,204.4,248.57777777777778,0.5088062622309197,0.41838011800464864,-100.4,-144.57777777777778,-0.9870827339396214,-1.037042765381792,14.857142857142858,29.2,35.51111111111111,2024-10-20,212.0,0,0.48781130911453047
370.0,247.56666666666666,261.7222222222222,1.4945469233876396,1.4137125875610277,122.43333333333334,108.27777777777783,1.0166389398852356,0.7635768365037604,52.857142857142854,35.36666666666667,37.388888888888886,2024-10-27,310.0,0,0.180808816402599
190.0,225.16666666666666,259.7,0.843819393042191,0.7316134000770119,-35.16666666666666,-69.69999999999999,-0.3080233456650959,-0.5150837545824248,27.142857142857142,32.166666666666664,37.1,2024-11-03,224.0,0,0.3668871228821116
344.0,273.7,256.43333333333334,1.256850566313482,1.341479266865982,70.30000000000001,87.56666666666666,0.5324593827919989,0.663795687991207,49.142857142857146,39.1,36.63333333333333,2024-11-10,244.0,0,0.20049127556298169
244.0,267.8666666666667,271.1333333333333,0.9109009457441513,0.8999262355544628,-23.866666666666674,-27.133333333333326,-0.17340540023766568,-0.20247785717219333,34.857142857142854,38.266666666666666,38.733333333333334,2024-11-17,30.0,0,0.3083549430908017
30.0,214.9,232.40000000000003,0.13959981386691483,0.1290877796901893,-184.9,-202.40000000000003,-1.5329754981590542,-1.5861093956476973,4.285714285714286,30.7,33.2,2024-11-24,68.0,0,0.6161167676481398
0.0,162.86666666666667,232.40000000000003,0.0,0.0,-162.86666666666667,-232.40000000000003,-1.3655947152829462,-1.8212046618010118,0.0,23.266666666666666,33.2,2024-12-01,0.0,1,0.5869573822068128
68.0,116.43333333333334,210.85555555555555,0.5840251932436301,0.32249565263213364,-48.43333333333334,-142.85555555555555,-0.45862677689747255,-1.1531503368616234,9.714285714285714,16.633333333333333,30.122222222222224,2024-12-08,328.0,0,0.5215338617741622
217.0,102.66666666666666,201.83333333333331,2.1136363636363638,1.0751445086705202,114.33333333333334,15.166666666666686,1.3714560654315395,0.12790019102667732,31.0,14.666666666666666,28.833333333333332,2024-12-15,126.0,0,0.3751450598809558
237.0,121.79999999999998,189.77777777777777,1.9458128078817736,1.2488290398126465,115.20000000000002,47.22222222222223,1.2290807107663053,0.4190742863968613,33.857142857142854,17.4,27.11111111111111,2024-12-22,37.0,0,0.30719652697374594
37.0,130.43333333333334,172.9777777777778,0.28366981855353945,0.21390030832476875,-93.43333333333334,-135.9777777777778,-0.996360437013122,-1.2551533312615961,5.285714285714286,18.633333333333333,24.711111111111112,2024-12-29,292.0,0,0.6564959570499556
292.0,182.70000000000002,189.3111111111111,1.5982484948002187,1.5424345580467191,109.29999999999998,102.6888888888889,0.884007886004969,0.8718663422775446,41.714285714285715,26.1,27.044444444444444,2025-01-05,195.0,0,0.20647811197280272
195.0,191.79999999999998,181.06666666666666,1.0166840458811262,1.0769513991163475,3.200000000000017,13.933333333333337,0.02384886994386292,0.1166460186021305,27.857142857142858,27.4,25.866666666666667,2025-01-12,298.0,0,0.33808201724320247
174.0,162.86666666666667,174.22222222222223,1.0683585755218992,0.9987244897959183,11.133333333333326,-0.22222222222222854,0.09078283691618586,-0.0019411931317058792,24.857142857142858,23.266666666666666,24.88888888888889,2025-01-19,98.0,0,0.37265729827431404
222.0,206.03333333333333,175.0,1.0774955508817343,1.2685714285714285,15.966666666666669,47.0,0.12144491109275479,0.40610806812249134,31.714285714285715,29.433333333333334,25.0,2025-01-26,185.0,0,0.28180800402193007
106.0,185.03333333333333,159.13333333333333,0.572869753197622,0.6661080854629242,-79.03333333333333,-53.133333333333326,-0.7192399788535025,-0.47660688846332944,15.142857142857142,26.433333333333334,22.733333333333334,2025-02-02,371.0,0,0.5211460180837122
385.0,206.96666666666667,171.65555555555557,1.8602029312288613,2.2428636157680106,178.03333333333333,213.34444444444443,1.5046904500921408,1.8590648060784882,55.0,29.566666666666666,24.522222222222222,2025-02-09,57.0,0,0.07567584788174361
122.0,194.83333333333331,162.16666666666669,0.6261762189905903,0.7523124357656731,-72.83333333333331,-40.166666666666686,-0.6234499915012812,-0.3621488858156753,17.428571428571427,27.833333333333332,23.166666666666668,2025-02-16,0.0,1,0.48243785458198896
0.0,157.03333333333333,159.83333333333331,0.0,0.0,-157.03333333333333,-159.83333333333331,-1.460966329029577,-1.4388758422297965,0.0,22.433333333333334,22.833333333333332,2025-02-23,45.0,0,0.7316700950013729
45.0,128.79999999999998,158.04444444444445,0.34937888198757766,0.28473003374578176,-83.79999999999998,-113.04444444444445,-0.8083343940525857,-1.0260138135999934,6.428571428571429,18.4,22.57777777777778,2025-03-02,27.0,0,0.621923341843635
27.0,80.03333333333333,160.14444444444445,0.3373594335693461,0.16859779365850275,-53.03333333333333,-133.14444444444445,-0.7077218774226437,-1.210400899542606,3.857142857142857,11.433333333333334,22.877777777777776,2025-03-09,41.0,0,0.6442259249244918
41.0,26.366666666666667,137.82222222222222,1.554993678887484,0.2974846823605289,14.633333333333333,-96.82222222222222,0.5418655335308732,-0.9183625421514798,5.857142857142857,3.7666666666666666,19.68888888888889,2025-03-16,115.0,0,0.724055294676267
115.0,53.199999999999996,136.96666666666667,2.161654135338346,0.8396203455828669,61.800000000000004,-21.96666666666667,1.3533237078172884,-0.2137777684780215,16.428571428571427,7.6,19.566666666666666,2025-03-23,63.0,0,0.5447607589274334
55.0,61.60000000000001,138.36666666666667,0.8928571428571427,0.3974945796193688,-6.6000000000000085,-83.36666666666667,-0.13941440124274626,-0.8127718140725325,7.857142857142857,8.8,19.766666666666666,2025-03-30,94.0,0,0.6444583214452132
102.0,79.33333333333334,123.58888888888889,1.2857142857142856,0.8253169109053313,22.666666666666657,-21.58888888888889,0.42611265160056955,-0.23873571933185536,14.571428571428571,11.333333333333334,17.655555555555555,2025-04-06,85.0,0,0.4991471010875402
34.0,71.39999999999999,111.06666666666666,0.4761904761904763,0.30612244897959184,-37.39999999999999,-77.06666666666666,-0.7192784683235227,-0.9326778921362916,4.857142857142857,10.2,15.866666666666667,2025-04-13,78.0,0,0.7325018499401408
87.0,75.36666666666667,94.65555555555555,1.1543564794338788,0.9191219626716751,11.633333333333326,-7.6555555555555515,0.23868572425675738,-0.1034601206001068,12.428571428571429,10.766666666666667,13.522222222222222,2025-04-20,144.0,0,0.48907842011562197
114.0,86.56666666666666,95.89999999999999,1.3169041201386216,1.18873826903024,27.433333333333337,18.10000000000001,0.5377240092986992,0.24631741296208612,16.285714285714285,12.366666666666667,13.7,2025-04-27,100.0,0,0.34674862651130206
172.0,108.03333333333333,94.88888888888889,1.592101203332305,1.8126463700234192,63.96666666666667,77.11111111111111,1.0282325234664473,1.0581313479332561,24.571428571428573,15.433333333333334,13.555555555555555,2025-05-04,109.0,0,0.12514556044183817
67.0,110.60000000000001,71.24444444444444,0.6057866184448463,0.9404242046163445,-43.60000000000001,-4.24444444444444,-0.6797762614409717,-0.08081496682164035,9.571428571428571,15.8,10.177777777777777,2025-05-11,56.0,0,0.5264816654083484
42.0,100.56666666666666,70.07777777777778,0.41763341067285387,0.5993340732519422,-58.56666666666666,-28.077777777777783,-0.932356273089199,-0.543850347141907,6.0,14.366666666666667,10.011111111111111,2025-05-18,182.0,0,0.7067578176710874
238.0,127.39999999999999,88.58888888888889,1.8681318681318682,2.6865671641791047,110.60000000000001,149.4111111111111,1.2974829492269107,2.357230570002112,34.0,18.2,12.655555555555555,2025-05-25,222.0,0,0.021080194588694125
222.0,147.23333333333335,102.35555555555555,1.5078107312655646,2.1689101172383847,74.76666666666665,119.64444444444445,0.763261269835932,1.6662051399354088,31.714285714285715,21.033333333333335,14.622222222222222,2025-06-01,72.0,0,0.06578925040559475
72.0,133.93333333333334,105.85555555555555,0.5375808860129417,0.6801721423323187,-61.93333333333334,-33.855555555555554,-0.6391990290326888,-0.4606603626645907,10.285714285714286,19.133333333333333,15.122222222222222,2025-06-08,135.0,0,0.5893411933167456
135.0,155.63333333333333,113.16666666666667,0.8674234311415722,1.1929307805596465,-20.633333333333326,21.83333333333333,-0.20395750401039475,0.28780872309373884,19.285714285714285,22.233333333333334,16.166666666666668,2025-06-15,157.0,0,0.3377240769041147
99.0,135.56666666666666,111.92222222222222,0.7302680108187853,0.8845428372877991,-36.56666666666666,-12.922222222222217,-0.4214661593697121,-0.17202574829556236,14.142857142857142,19.366666666666667,15.988888888888889,2025-06-22,0.0,1,0.49367380757722334
58.0,99.39999999999999,111.53333333333333,0.5835010060362174,0.5200239091452481,-41.39999999999999,-53.53333333333333,-0.5893304577151628,-0.7035821955654897,8.285714285714286,14.2,15.933333333333334,2025-06-29,0.0,1,0.6637591345731142
0.0,68.13333333333333,104.22222222222223,0.0,0.0,-68.13333333333333,-104.22222222222223,-1.1467757649202466,-1.3857112750329508,0.0,9.733333333333333,14.88888888888889,2025-07-06,76.0,0,0.8187776947826152
76.0,70.46666666666667,103.52222222222223,1.0785241248817408,0.7341418911666845,5.533333333333331,-27.522222222222226,0.09866584199940658,-0.36728373680003124,10.857142857142858,10.066666666666666,14.78888888888889,2025-07-13,106.0,0,0.5786353538094107
106.0,56.0,105.7,1.8928571428571428,1.0028382213812677,50.0,0.29999999999999716,0.9852303313085556,0.003938679129270214,15.142857142857142,8.0,15.1,2025-07-20,38.0,0,0.5051575778907604
18.0,46.66666666666667,95.89999999999999,0.3857142857142857,0.18769551616266947,-28.66666666666667,-77.89999999999999,-0.6436938221660091,-1.0515443772289041,2.5714285714285716,6.666666666666667,13.7,2025-07-27,111.0,0,0.7699855199368093
60.0,60.666666666666664,92.78888888888889,0.989010989010989,0.6466291462100348,-0.6666666666666643,-32.78888888888889,-0.014296458273022807,-0.4507466680177147,8.571428571428571,8.666666666666666,13.255555555555556,2025-08-03,0.0,1,0.6264934167923428
71.0,69.76666666666667,89.83333333333334,1.0176779741997133,0.7903525046382188,1.2333333333333343,-18.833333333333343,0.022635815011528896,-0.2593261181122914,10.142857142857142,9.966666666666667,12.833333333333334,2025-08-10,260.0,0,0.5603911577600783
168.0,90.53333333333333,98.54444444444444,1.8556701030927836,1.7048145224940807,77.46666666666667,69.45555555555556,1.0091700504796899,0.8855086385713848,24.0,12.933333333333334,14.077777777777778,2025-08-17,145.0,0,0.2057739095315511
143.0,103.13333333333333,95.5111111111111,1.3865546218487397,1.4972080037226618,39.866666666666674,47.488888888888894,0.4896602802074775,0.641110395437222,20.428571428571427,14.733333333333333,13.644444444444444,2025-08-24,150.0,0,0.24643624061914632
244.0,154.46666666666667,97.22222222222223,1.5796288303841173,2.5097142857142853,89.53333333333333,146.77777777777777,0.9215155533280944,1.9928443509788416,34.857142857142854,22.066666666666666,13.88888888888889,2025-08-31,192.0,0,0.03657291144088218
90.0,150.5,98.62222222222222,0.5980066445182725,0.9125732311852186,-60.5,-8.62222222222222,-0.6347724190174244,-0.11841813254058667,12.857142857142858,21.5,14.088888888888889,2025-09-07,181.0,0,0.4941294548433367
177.0,152.6,101.88888888888889,1.1598951507208388,1.737186477644493,24.400000000000006,75.11111111111111,0.2618937492008694,0.9904880440042004,25.285714285714285,21.8,14.555555555555555,2025-09-14,272.0,0,0.15288508647401367
237.0,174.53333333333333,108.11111111111111,1.3579067990832696,2.1921891058581706,62.46666666666667,128.88888888888889,0.6192253059709119,1.5965138591583188,33.857142857142854,24.933333333333334,15.444444444444445,2025-09-21,107.0,0,0.06870252634799998
175.0,158.43333333333334,121.72222222222223,1.1045655375552283,1.4376996805111821,16.566666666666663,53.27777777777777,0.15667377435184882,0.606360059411904,25.0,22.633333333333333,17.38888888888889,2025-09-28,215.0,0,0.24620037873324357
222.0,189.23333333333335,138.98888888888888,1.1731548353003345,1.5972499800143898,32.76666666666665,83.01111111111112,0.28694658889688146,0.899567825235114,31.714285714285715,27.033333333333335,19.855555555555554,2025-10-05,238.0,0,0.18432004697308266
292.0,216.06666666666666,155.7888888888889,1.351434742363468,1.874331360102703,75.93333333333334,136.2111111111111,0.6581659514363649,1.4019408075395396,41.714285714285715,30.866666666666667,22.255555555555556,2025-10-12,141.0,0,0.11020154916076612
153.0,207.43333333333334,159.44444444444446,0.7375863731319299,0.959581881533101,-54.43333333333334,-6.444444444444457,-0.5052020392554463,-0.06615754843302951,21.857142857142858,29.633333333333333,22.77777777777778,2025-10-19,246.0,0,0.4190951951226457
146.0,189.70000000000002,167.84444444444443,0.7696362677912493,0.8698530385277373,-43.70000000000002,-21.844444444444434,-0.44546683719025465,-0.21980131341184064,20.857142857142858,27.1,23.977777777777778,2025-10-26,44.0,0,0.44745672606458203
144.0,196.70000000000002,170.41111111111113,0.7320793085917641,0.8450153224228988,-52.70000000000002,-26.411111111111126,-0.5146857936717952,-0.2616294269200463,20.571428571428573,28.1,24.344444444444445,2025-11-02,29.0,0,0.45641082837776586
29.0,137.9,172.66666666666669,0.21029731689630166,0.16795366795366792,-108.9,-143.66666666666669,-1.304931272547677,-1.426365123585589,4.142857142857143,19.7,24.666666666666668,2025-11-09,0.0,1,0.7297042799917384
0.0,83.3,152.44444444444446,0.0,0.0,-83.3,-152.44444444444446,-1.1789960851294568,-1.6009218676572528,0.0,11.9,21.77777777777778,2025-11-16,109.0,0,0.7506299874963849
49.0,51.800000000000004,144.9777777777778,0.9459459459459458,0.33798283261802575,-2.8000000000000043,-95.97777777777779,-0.048986416598593034,-1.0249659781372387,7.0,7.4,20.711111111111112,2025-11-23,217.0,0,0.6823129786320083
254.0,77.46666666666667,153.06666666666666,3.278829604130809,1.6594076655052266,176.53333333333333,100.93333333333334,2.685514747018005,1.0656091095393174,36.285714285714285,11.066666666666666,21.866666666666667,2025-11-30,12.0,0,0.257003794316582
35.0,85.63333333333333,140.85555555555555,0.40871934604904636,0.2484815019326339,-50.633333333333326,-105.85555555555555,-0.7733440725056027,-1.1549374072283767,5.0,12.233333333333333,20.122222222222224,2025-12-07,66.0,0,0.7106289497741302
47.0,89.83333333333334,130.43333333333334,0.523191094619666,0.3603373370815231,-42.83333333333334,-83.43333333333334,-0.6379519678663119,-0.9534985872944534,6.714285714285714,12.833333333333334,18.633333333333333,2025-12-14,172.0,0,0.6890229116588675
107.0,103.36666666666667,117.60000000000001,1.0351499516285068,0.9098639455782312,3.6333333333333258,-10.600000000000009,0.04899868214702051,-0.13186709365987995,15.285714285714286,14.766666666666667,16.8,2025-12-21,27.0,0,0.471713582093293
111.0,84.46666666666667,117.91111111111111,1.314127861089187,0.941387108933283,26.53333333333333,-6.911111111111111,0.3997935124833604,-0.0853728326114954,15.857142857142858,12.066666666666666,16.844444444444445,2025-12-28,0.0,1,0.46906174320090277
0.0,61.833333333333336,101.1888888888889,0.0,0.0,-61.833333333333336,-101.1888888888889,-1.0025817466337412,-1.3386836907638355,0.0,8.833333333333334,14.455555555555556,2026-01-04,0.0,1,0.7994648000722961
0.0,50.86666666666667,82.67777777777778,0.0,0.0,-50.86666666666667,-82.67777777777778,-0.8656177859037071,-1.210641420440021,0.0,7.266666666666667,11.811111111111112,2026-01-11,12.0,0,0.8003708164505621
0.0,25.900000000000002,71.71111111111111,0.0,0.0,-25.900000000000002,-71.71111111111111,-0.6138882801440554,-1.1050104746191942,0.0,3.7,10.244444444444444,2026-01-18,58.0,0,0.7737194091084729
70.0,16.333333333333336,58.022222222222226,4.285714285714285,1.2064343163538873,53.666666666666664,11.977777777777774,1.8887660997530384,0.2145991995837033,10.0,2.3333333333333335,8.28888888888889,2026-01-25,0.0,1,0.8658568938535782
0.0,16.333333333333336,54.6,0.0,0.0,-16.333333333333336,-54.6,-0.574841856446577,-0.993765413481911,0.0,2.3333333333333335,7.8,2026-02-01,0.0,1,0.7880850983953096
0.0,16.333333333333336,52.34444444444445,0.0,0.0,-16.333333333333336,-52.34444444444445,-0.574841856446577,-0.9576902344488751,0.0,2.3333333333333335,7.477777777777778,2026-02-08,65.0,0,0.7864183058278705
61.0,30.566666666666663,57.08888888888889,1.9956379498364234,1.0685091475282211,30.433333333333337,3.9111111111111114,0.7592089350174057,0.06908492304435711,8.714285714285714,4.366666666666666,8.155555555555555,2026-02-15,89.0,0,0.5950568843158198
93.0,49.46666666666667,55.84444444444445,1.880053908355795,1.6653402307998406,43.53333333333333,37.15555555555555,0.8752964519541008,0.665196313424371,13.285714285714286,7.066666666666666,7.977777777777778,2026-02-22,21.0,0,0.2584907018567771
21.0,40.83333333333333,40.6,0.5142857142857143,0.5172413793103449,-19.83333333333333,-19.6,-0.4570230226384847,-0.4210848630412874,3.0,5.833333333333333,5.8,2026-03-01,73.0,0,0.6926673975307138
73.0,57.866666666666674,45.34444444444445,1.2615207373271888,1.6098995344278362,15.133333333333326,27.65555555555555,0.30830367022634997,0.5706444691119467,10.428571428571429,8.266666666666667,6.477777777777778,2026-03-08,123.0,0,0.2330846748610704
123.0,72.33333333333334,49.77777777777777,1.7004608294930874,2.4709821428571432,50.66666666666666,73.22222222222223,0.8947402638465456,1.401703436144147,17.571428571428573,10.333333333333334,7.111111111111111,2026-03-15,104.0,0,0.05183837927483539
104.0,89.60000000000001,44.48888888888889,1.1607142857142856,2.3376623376623376,14.399999999999991,59.51111111111111,0.2294255331527369,1.309707278998498,14.857142857142858,12.8,6.355555555555555,2026-03-22,63.0,0,0.055750680430195675
63.0,89.60000000000001,47.28888888888889,0.7031249999999999,1.332236842105263,-26.60000000000001,15.711111111111109,-0.44654078445435214,0.33844532633103813,9.0,12.8,6.7555555555555555,2026-03-29,191.0,0,0.32937258401139996
191.0,124.60000000000001,62.144444444444446,1.5329052969502406,3.0734847130341496,66.39999999999999,128.85555555555555,0.8144737562507843,2.2240720587639085,27.285714285714285,17.8,8.877777777777778,2026-04-05,209.0,0,0.012693798402907214
88.0,104.06666666666666,68.9888888888889,0.8456117873158232,1.2755677242712191,-16.066666666666663,19.011111111111106,-0.21422270374506114,0.31987934651944416,12.571428571428571,14.866666666666667,9.855555555555556,2026-04-12,166.0,0,0.33531042873600614
152.0,126.46666666666667,79.87777777777778,1.201897733263047,1.9029072193629155,25.53333333333333,72.12222222222222,0.28780365207678477,1.0734894222388063,21.714285714285715,18.066666666666666,11.411111111111111,2026-04-19,21.0,0,0.12420266391155373
156.0,147.46666666666667,87.5,1.057866184448463,1.782857142857143,8.533333333333331,68.5,0.08176464130843844,0.920892919857577,22.285714285714285,21.066666666666666,12.5,2026-04-26,184.0,0,0.1567132698260501
184.0,158.43333333333334,101.8111111111111,1.1613717652009257,1.8072683618902108,25.566666666666663,82.1888888888889,0.24268586657257857,1.0441857968059907,26.285714285714285,22.633333333333333,14.544444444444444,2026-05-03,133.0,0,0.14331390952728731
52.0,137.66666666666669,105.85555555555555,0.3777239709443099,0.4912354361288968,-85.66666666666669,-53.855555555555554,-0.8726740788166696,-0.683346339378082,7.428571428571429,19.666666666666668,15.122222222222222,2026-05-10,0.0,1,0.6649109023321483
81.0,110.36666666666667,107.10000000000001,0.7339172455451525,0.7563025210084033,-29.366666666666674,-26.10000000000001,-0.3294819852587748,-0.32637542308356904,11.571428571428571,15.766666666666667,15.3,2026-05-17,174.0,0,0.5406469751492026
100.0,102.2,107.95555555555556,0.9784735812133072,0.9263071222725401,-2.200000000000003,-7.955555555555563,-0.03107303591806157,-0.09946123615405661,14.285714285714286,14.6,15.422222222222222,2026-05-24,85.0,0,0.4720128607788883
