date,daily_score,weighted_tries,attempts,sends,mean_grade,max_grade,mean_grade_weight,max_grade_weight,leaky_load_3d,leaky_load_7d
2024-04-18,8.854233051067665,11.0,17.0,5.0,4.294117647058823,7.0,0.9109938654277763,2.0137527074704766,8.854233051067665,8.854233051067665
2024-04-19,0.0,0.0,0.0,0.0,,,,,6.344335212207275,7.675538951208179
2024-04-20,10.69839450604426,15.5,19.0,12.0,3.8421052631578947,6.0,0.7583120147547835,1.4190675485932571,15.244309330366576,17.35214959151832
2024-04-21,0.0,0.0,0.0,0.0,,,,,10.923024943279806,15.042194994046373
2024-04-22,0.0,0.0,0.0,0.0,,,,,7.82668937803847,13.039746404071614
2024-04-23,47.970966653700124,9.0,16.0,2.0,9.0,11.0,5.889827826105096,8.166169912567646,53.57903465119998,59.27483462973671
2024-04-24,8.839057874438298,5.0,7.0,3.0,6.142857142857143,8.0,1.771628154602882,2.8576511180631634,47.230113792341086,60.223102026303785
2024-04-25,0.0,0.0,0.0,0.0,,,,,33.84185533417536,52.20607620100313
2024-04-26,13.010152786574698,11.5,16.0,7.0,5.375,7.0,1.3292388148136247,2.0137527074704766,37.25890174141995,58.26644647789823
2024-04-27,0.0,0.0,0.0,0.0,,,,,26.697169695319673,50.50989474866678
2024-04-28,0.0,0.0,0.0,0.0,,,,,19.129357990398255,43.78591147632699
2024-04-29,4.127816976626617,4.0,5.0,3.0,4.6,7.0,0.9665010132690661,2.0137527074704766,17.834600927921866,42.08485595587233
2024-04-30,42.01848629168835,12.5,22.0,3.0,7.636363636363637,11.0,3.76872334483027,8.166169912567646,54.79753626813272,78.50091783400387
2024-05-01,0.0,0.0,0.0,0.0,,,,,39.264150478419886,68.05071078040285
2024-05-02,0.0,0.0,0.0,0.0,,,,,28.133993200868677,58.991657237822665
2024-05-03,17.26380802801719,3.0,6.0,0.0,10.0,10.0,5.754602676005731,5.754602676005731,37.4226950479097,68.4023719571235
2024-05-04,0.0,0.0,0.0,0.0,,,,,26.81453272788199,59.296504540121944
2024-05-05,20.985323060953856,24.5,28.0,21.0,4.25,7.0,0.9097551708013693,2.0137527074704766,40.198775338886904,72.38815237922188
2024-05-06,0.0,0.0,0.0,0.0,,,,,28.803681177033955,62.75168950129597
2024-05-07,0.0,0.0,0.0,0.0,,,,,20.638739423129724,54.398052800658974
2024-05-08,25.659008763267313,9.0,15.0,3.0,7.466666666666667,10.0,3.3581030042913804,5.754602676005731,40.447311770713384,72.81547852560205
2024-05-09,0.0,0.0,0.0,0.0,,,,,28.981765312255913,63.12212909357835
2024-05-10,20.5718994027684,19.5,21.0,18.0,5.0,7.0,1.0781263607456963,2.0137527074704766,41.33824168470112,75.29107809916944
2024-05-11,0.0,0.0,0.0,0.0,,,,,29.62014449115494,65.2681716525349
2024-05-12,0.0,0.0,0.0,0.0,,,,,21.223760951632254,56.579535562683795
2024-05-13,18.940744253661816,8.5,14.0,3.0,6.857142857142857,9.0,2.5544675328934328,4.0551999668446745,34.14823350363969,67.98829321108185
2024-05-14,0.0,0.0,0.0,0.0,,,,,24.468278506142724,58.937548826422166
2024-05-15,0.0,0.0,0.0,0.0,,,,,17.532287665490923,51.091658543072626
2024-05-16,33.116101038030976,14.5,24.0,5.0,6.791666666666667,10.0,2.6474648320940344,5.754602676005731,45.67853409634186,77.4063306906032
2024-05-17,9.055199966844675,6.0,11.0,1.0,5.7272727272727275,9.0,1.5554909030626682,4.0551999668446745,41.785299867986026,76.15703734328281
2024-05-18,0.0,0.0,0.0,0.0,,,,,29.940475677126813,66.01885258334116
2024-05-19,33.05627002743545,22.5,35.0,10.0,5.228571428571429,10.0,1.7552316026656956,5.754602676005731,54.50955830356979,90.28655429879908
2024-05-20,27.8276964237201,12.5,21.0,4.0,6.714285714285714,9.0,2.589928518435504,4.0551999668446745,66.88550167377534,106.09511498994377
2024-05-21,0.0,0.0,0.0,0.0,,,,,47.92555617269562,91.97151045623646
2024-05-22,0.0,0.0,0.0,0.0,,,,,34.34016157439935,79.72806982115412
2024-05-23,7.564374015437584,10.0,14.0,6.0,4.214285714285714,6.0,0.8304465596138264,1.4190675485932571,32.17017499365763,76.6788757331355
2024-05-24,0.0,0.0,0.0,0.0,,,,,23.050937649593646,66.47122275074567
2024-05-25,0.0,0.0,0.0,0.0,,,,,16.516718564018035,57.62243397199289
2024-05-26,27.852373711318766,10.5,20.0,1.0,7.8,8.0,2.750002966645941,2.8576511180631634,39.68711971037304,77.80398825145348
2024-05-27,2.2193726754744585,9.0,9.0,9.0,1.0,1.0,0.2465969639416065,0.2465969639416065,30.656436574446914,69.66593060308226
2024-05-28,0.0,0.0,0.0,0.0,,,,,21.966296676210696,60.39185560534185
2024-05-29,30.524582640034716,31.0,40.0,22.0,4.675,10.0,1.0800494113001269,5.754602676005731,46.264121985892636,82.87694758920969
2024-05-30,0.0,0.0,0.0,0.0,,,,,33.14969195909731,71.84419426383997
2024-05-31,0.0,0.0,0.0,0.0,,,,,23.7527922245694,62.280144232681636
2024-06-01,0.0,0.0,0.0,0.0,,,,,17.019619342457624,53.98928062856544
2024-06-02,38.06131194255981,7.5,15.0,0.0,9.6,10.0,5.074841592341309,5.754602676005731,50.25640209547799,84.86342614287378
2024-06-03,0.0,0.0,0.0,0.0,,,,,36.010285658196175,73.56622862033907
2024-06-04,11.78054222136381,5.0,9.0,1.0,7.333333333333333,8.0,2.579016299290718,2.8576511180631634,37.58303939816764,75.55347998030504
2024-06-05,12.753678701834671,6.0,10.0,2.0,7.2,8.0,2.2074537147605606,2.8576511180631634,39.68310317715009,78.24932074597889
2024-06-06,0.0,0.0,0.0,0.0,,,,,28.434185927158254,67.8326068251525
2024-06-07,25.765873952463664,22.0,24.0,20.0,5.166666666666667,7.0,1.1973938785886031,2.0137527074704766,46.13985845994917,84.56846169163168
2024-06-08,0.0,0.0,0.0,0.0,,,,,33.06065325199651,73.31053045634536
2024-06-09,29.576511180631634,11.0,21.0,1.0,7.857142857142857,8.0,2.7691915410125367,2.8576511180631634,53.26550438371031,93.12778985220002
2024-06-10,0.0,0.0,0.0,0.0,,,,,38.16640166443386,80.73042287545142
2024-06-11,2.925410862822991,2.5,3.0,2.0,5.333333333333333,8.0,1.451412140618191,2.8576511180631634,30.27283266732544,72.90883029103833
2024-06-12,0.0,0.0,0.0,0.0,,,,,21.691432465899716,63.203053675937724
2024-06-13,22.432383385473727,8.5,16.0,1.0,7.8125,8.0,2.741547923184216,2.8576511180631634,37.97497391848769,77.22171381386862
2024-06-14,29.62008106868598,24.5,29.0,20.0,5.413793103448276,7.0,1.2753697096832224,2.0137527074704766,56.830338899505435,96.56187815476198
2024-06-15,0.0,0.0,0.0,0.0,,,,,40.720717212015224,83.70735813073301
2024-06-16,22.432383385473727,8.5,16.0,1.0,7.8125,8.0,2.741547923184216,2.8576511180631634,51.61005225690366,94.99644219547984
2024-06-17,0.0,0.0,0.0,0.0,,,,,36.98021838242093,82.3503162941571
2024-06-18,23.667378813755096,8.0,14.0,2.0,8.0,9.0,3.105507607817645,4.0551999668446745,50.1648631566161,95.05504804659715
2024-06-19,25.11099071133317,11.5,16.0,7.0,6.3125,10.0,2.8186303263198416,5.754602676005731,61.055685853698094,107.51211112261991
2024-06-20,0.0,0.0,0.0,0.0,,,,,43.74831060273186,93.19987308768489
2024-06-21,0.0,0.0,0.0,0.0,,,,,31.34703433156466,80.79291023923575
2024-06-22,0.0,0.0,0.0,0.0,,,,,22.461131592197592,70.03758834289363
2024-06-23,0.0,0.0,0.0,0.0,,,,,16.094104056727684,60.71403748625543
2024-06-24,0.0,0.0,0.0,0.0,,,,,11.531929472278026,52.6316573014389
2024-06-25,0.0,0.0,0.0,0.0,,,,,8.26298853821588,45.625220541842666
2024-06-26,0.08688697172522257,0.5,1.0,0.0,0.0,0.0,0.17377394345044514,0.17377394345044514,6.007576978269247,39.638382330676635
2024-06-27,0.0,0.0,0.0,0.0,,,,,4.304617005612188,34.36163762431167
2024-06-28,0.0,0.0,0.0,0.0,,,,,3.0843928645495216,29.78734425574012
2024-06-29,0.0,0.0,0.0,0.0,,,,,2.2100640615601126,25.821990427551633
2024-06-30,9.952597545258302,8.5,11.0,6.0,5.090909090909091,9.0,1.4395424536400652,4.0551999668446745,11.53617764374,32.337110374463556
2024-07-01,1.2329848197080324,5.0,5.0,5.0,1.0,1.0,0.2465969639416065,0.2465969639416065,9.499017305789105,29.265311145112808
2024-07-02,0.0,0.0,0.0,0.0,,,,,6.806343319280172,25.36945146101097
2024-07-03,0.0,0.0,0.0,0.0,,,,,4.876958098778977,21.992216800335367
2024-07-04,0.0,0.0,0.0,0.0,,,,,3.494493178131556,19.06456671072538
2024-07-05,33.639089741790116,19.5,32.0,7.0,6.28125,9.0,1.961102138567382,4.0551999668446745,36.14300351850788,50.165741291630965
2024-07-06,0.0,0.0,0.0,0.0,,,,,25.89759367918953,43.487572450300014
2024-07-07,13.01777960902631,11.5,15.0,8.0,5.133333333333334,9.0,1.3827443871798881,4.0551999668446745,31.574216348683464,50.716195079976245
2024-07-08,0.0,0.0,0.0,0.0,,,,,22.623914620662525,43.9647486742503
2024-07-09,4.962232028613054,16.0,16.0,16.0,1.5625,3.0,0.3101395017883159,0.4965853037914095,21.172975222065887,43.07430102239174
2024-07-10,7.448784670134064,8.0,11.0,5.0,4.909090909090909,6.0,1.0260836152109616,1.4190675485932571,22.6198843547473,44.78894427363211
2024-07-11,0.0,0.0,0.0,0.0,,,,,16.207855381734635,38.82654594395413
2024-07-12,21.41077599647754,9.0,16.0,2.0,7.0625,9.0,2.5566186962856507,4.0551999668446745,33.024211854742305,55.068650598926425
2024-07-13,0.0,0.0,0.0,0.0,,,,,23.662881800944973,47.73779617327392
2024-07-14,8.110126138659279,8.5,9.0,8.0,3.888888888888889,7.0,0.9566806820732532,2.0137527074704766,25.065321847443048,49.49296662404923
2024-07-15,0.0,0.0,0.0,0.0,,,,,17.9600879133022,42.90435895946163
2024-07-16,0.0,0.0,0.0,0.0,,,,,12.868965330538897,37.19284058490599
2024-07-17,17.90394946545458,15.0,20.0,10.0,5.45,7.0,1.3837685211684179,2.0137527074704766,27.124966059474275,50.1456009974412
2024-07-18,14.699518390129077,9.5,15.0,4.0,6.133333333333334,8.0,1.7491191309287921,2.8576511180631634,34.13540586999373,58.169631664501516
2024-07-19,0.0,0.0,0.0,0.0,,,,,24.45908710499483,50.42596812656473
2024-07-20,0.0,0.0,0.0,0.0,,,,,17.525701738780413,43.71315734242604
2024-07-21,0.0,0.0,0.0,0.0,,,,,12.557714035613666,37.89397002845151
2024-07-22,0.0,0.0,0.0,0.0,,,,,8.997995295749128,32.84944515146038
2024-07-23,0.0,0.0,0.0,0.0,,,,,6.447345361799913,28.47645802085676
2024-07-24,0.0,0.0,0.0,0.0,,,,,4.6197248218123335,24.68561212144452
2024-07-25,3.9297434574088883,7.5,8.0,7.0,2.75,7.0,0.6170774763930158,2.0137527074704766,7.239920938472345,25.32915504729434
2024-07-26,0.0,0.0,0.0,0.0,,,,,5.187630038494207,21.957284729845227
2024-07-27,0.0,0.0,0.0,0.0,,,,,3.717099350254211,19.034284870824965
2024-07-28,59.43253837708245,16.0,26.0,6.0,7.461538461538462,11.0,4.462024723414314,8.166169912567646,62.09595644605308,75.93293926914986
2024-07-29,0.0,0.0,0.0,0.0,,,,,44.49369705362335,65.82458691549871
2024-07-30,16.311766198191187,10.5,15.0,6.0,6.2,8.0,1.7759667331798241,2.8576511180631634,48.19289326029707,73.373645855422
2024-07-31,0.0,0.0,0.0,0.0,,,,,34.53171696814339,63.605992016161835
2024-08-01,19.949660448049958,10.5,14.0,7.0,6.357142857142857,9.0,2.3446281516343292,4.0551999668446745,44.6927168635969,75.08828921854715
2024-08-02,0.0,0.0,0.0,0.0,,,,,32.02373098737638,65.09237845360835
2024-08-03,57.288030186211884,12.0,23.0,1.0,8.869565217391305,12.0,4.8940133767370995,11.588346719223386,80.23403612005914,113.71517450981986
2024-08-04,0.0,0.0,0.0,0.0,,,,,57.49019905373073,98.57717164879803
2024-08-05,0.0,0.0,0.0,0.0,,,,,41.1935276731177,85.45437152222318
2024-08-06,0.0,0.0,0.0,0.0,,,,,29.51645237077668,74.07850610965656
2024-08-07,0.0,0.0,0.0,0.0,,,,,21.149462300721442,64.21701979297008
2024-08-08,9.258228346048956,8.5,11.0,6.0,5.0,9.0,1.3380589623213661,4.0551999668446745,24.41248028631584,64.9265435923947
2024-08-09,0.0,0.0,0.0,0.0,,,,,17.492306493910682,56.283385747413725
2024-08-10,0.0,0.0,0.0,0.0,,,,,12.533785297040225,48.790823227547314
2024-08-11,0.0,0.0,0.0,0.0,,,,,8.980849605338724,42.29568636657859
2024-08-12,11.161507010254867,7.0,10.0,4.0,5.9,9.0,2.0333234788835113,4.0551999668446745,17.596566948034322,47.82670277620691
2024-08-13,16.047554005953657,10.0,17.0,3.0,6.352941176470588,7.0,1.7731660563674703,2.0137527074704766,28.656045182828112,57.50746566056808
2024-08-14,11.923798400135867,6.0,10.0,2.0,6.6,8.0,2.335440287238852,2.8576511180631634,32.456752010849414,61.77574945192481
2024-08-15,4.257202645779771,3.0,6.0,0.0,6.0,6.0,1.4190675485932571,1.4190675485932571,27.51348170108217,57.80923458615778
2024-08-16,11.546697902478549,9.0,14.0,4.0,5.285714285714286,8.0,1.4925366990967979,2.8576511180631634,31.260969004202927,61.66024576669256
2024-08-17,1.201273393510123,2.0,2.0,2.0,3.5,4.0,0.6006366967550615,0.7046880897187134,23.600736483898253,54.65317774182059
2024-08-18,30.537858110408113,16.0,27.0,5.0,6.592592592592593,8.0,2.115463253781578,2.8576511180631634,47.44852475372237,77.91549004591091
2024-08-19,0.0,0.0,0.0,0.0,,,,,33.99835362657757,67.54321636900544
2024-08-20,0.0,0.0,0.0,0.0,,,,,24.360884881402768,58.551721548335514
2024-08-21,0.0,0.0,0.0,0.0,,,,,17.455336770808735,50.757193402578544
2024-08-22,0.0,0.0,0.0,0.0,,,,,12.507295332894438,44.00028921404106
2024-08-23,0.0,0.0,0.0,0.0,,,,,8.96186871661229,38.142878302268485
2024-08-24,0.0,0.0,0.0,0.0,,,,,6.421459536704448,33.065218233097276
2024-08-25,0.0,0.0,0.0,0.0,,,,,4.601176817631395,28.663506936688776
2024-08-26,0.0,0.0,0.0,0.0,,,,,3.2968872553191604,24.847760692751528
2024-08-27,7.1512075132006885,10.0,12.0,8.0,3.9166666666666665,7.0,0.8048403222446606,2.0137527074704766,9.51353045906855,28.69118211602825
2024-08-28,20.920723164209576,11.0,20.0,2.0,6.55,8.0,2.0445080637379416,2.8576511180631634,27.737465612229627,45.792474858302114
2024-08-29,0.0,0.0,0.0,0.0,,,,,19.874762587126305,39.69648442952793
2024-08-30,17.012138594306734,17.5,22.0,13.0,4.681818181818182,8.0,1.0929102848451864,2.8576511180631634,31.25302827820326,51.42414364404169
2024-08-31,0.0,0.0,0.0,0.0,,,,,22.393773311580677,44.57845363859851
2024-09-01,8.886398639860538,6.5,12.0,1.0,5.333333333333333,8.0,1.4223424325001968,2.8576511180631634,24.932238379499786,47.53047490419966
2024-09-02,0.0,0.0,0.0,0.0,,,,,17.86472944160111,41.203118259081315
2024-09-03,24.501186332097188,13.5,20.0,7.0,6.15,9.0,2.213422373107429,4.0551999668446745,37.30182433193379,60.21925895168796
2024-09-04,4.872456747076292,12.0,12.0,12.0,2.3333333333333335,3.0,0.4060380622563577,0.4965853037914095,31.60038182243007,57.07520147162788
2024-09-05,0.0,0.0,0.0,0.0,,,,,22.642663001857965,49.47723077954325
2024-09-06,40.282218732040114,7.0,14.0,0.0,10.0,10.0,5.754602676005731,5.754602676005731,56.50639572764205,83.17293663566561
2024-09-07,0.0,0.0,0.0,0.0,,,,,40.48860178652853,72.10078062678073
2024-09-08,9.160213181022815,5.0,7.0,3.0,6.0,9.0,2.4672304449588807,4.0551999668446745,38.17156408242437,71.66278646111508
2024-09-09,9.164845685922387,15.5,17.0,14.0,3.2941176470588234,6.0,0.6309837355928454,1.4190675485932571,36.515966524553306,71.28773150357958
2024-09-10,0.0,0.0,0.0,0.0,,,,,26.164833350706797,61.79775896377792
2024-09-11,0.0,0.0,0.0,0.0,,,,,18.74792233172673,53.57111149978776
2024-09-12,57.54602676005731,10.0,20.0,0.0,10.0,10.0,5.754602676005731,5.754602676005731,70.97950011894507,103.98563938427613
2024-09-13,9.710426403632503,17.0,18.0,16.0,3.0,7.0,0.6066644543293962,2.0137527074704766,60.56946064773265,99.85327907725355
2024-09-14,0.0,0.0,0.0,0.0,,,,,43.39991501866743,86.5606008496583
2024-09-15,17.282908162901744,5.0,10.0,0.0,8.2,10.0,3.456581632580349,5.754602676005731,48.3803061500186,92.32038002856731
2024-09-16,0.0,0.0,0.0,0.0,,,,,34.666004171633986,80.03049714330304
2024-09-17,10.300137220271848,10.0,11.0,9.0,4.454545454545454,9.0,1.1661579276085623,4.0551999668446745,35.139414621729195,79.6768064998213
2024-09-18,0.0,0.0,0.0,0.0,,,,,25.178490811703394,69.0700626773667
2024-09-19,0.0,0.0,0.0,0.0,,,,,18.041177019579944,59.87531086936905
2024-09-20,14.973530582175282,10.5,13.0,8.0,5.6923076923076925,9.0,1.747417907824919,4.0551999668446745,27.90059879630863,66.87811431550314
2024-09-21,0.0,0.0,0.0,0.0,,,,,19.991652621312507,57.97515927707592
2024-09-22,20.872217277509662,14.0,22.0,6.0,5.909090909090909,8.0,1.7153874392058697,2.8576511180631634,35.196862330794644,71.12960158930349
2024-09-23,8.67619906642976,20.5,21.0,20.0,2.380952380952381,5.0,0.43696186030617906,1.0,33.89585296039928,70.33687870223235
2024-09-24,0.0,0.0,0.0,0.0,,,,,24.287439944731354,60.97348568437446
2024-09-25,7.1441277951579085,2.5,4.0,1.0,8.0,8.0,2.8576511180631634,2.8576511180631634,24.546838969238465,60.0006950056762
2024-09-26,0.0,0.0,0.0,0.0,,,,,17.5885786970722,52.013276470071794
2024-09-27,0.0,0.0,0.0,0.0,,,,,12.602767344943375,45.08915986550137
2024-09-28,0.0,0.0,0.0,0.0,,,,,9.030277402528831,39.08679620570601
2024-09-29,0.0,0.0,0.0,0.0,,,,,6.470476502078857,33.88347980276579
2024-09-30,6.930470767767417,8.5,10.0,7.0,4.3,7.0,0.9653757249534521,2.0137527074704766,11.566769775838889,36.303310575416724
2024-10-01,21.578744009992363,7.0,12.0,2.0,7.75,10.0,3.316937633177513,5.754602676005731,29.866696716579497,53.04928163558817
2024-10-02,0.0,0.0,0.0,0.0,,,,,21.400423340840597,45.987249847514555
2024-10-03,0.0,0.0,0.0,0.0,,,,,15.334073383246423,39.86533056310027
2024-10-04,14.480550200020335,10.5,16.0,5.0,5.75,8.0,1.6510449156147857,2.8576511180631634,25.467893897752553,49.03892423140742
2024-10-05,15.718194350165898,12.0,15.0,9.0,4.866666666666666,11.0,1.7922719504477824,8.166169912567646,33.96673774227675,58.22895399389665
2024-10-06,0.0,0.0,0.0,0.0,,,,,24.33823111038975,50.477393342879076
2024-10-07,5.77704365531771,15.0,15.0,15.0,2.1333333333333333,4.0,0.3851362436878473,0.7046880897187134,23.21614828989305,49.534780381256525
2024-10-08,0.0,0.0,0.0,0.0,,,,,16.6350971606325,42.940606381490156
2024-10-09,0.0,0.0,0.0,0.0,,,,,11.919567970030327,37.22426267398543
2024-10-10,12.859430031284235,4.5,9.0,0.0,8.0,8.0,2.8576511180631634,2.8576511180631634,21.400173690323427,45.1283206778578
2024-10-11,0.0,0.0,0.0,0.0,,,,,15.33389450083417,39.12074384847406
2024-10-12,0.0,0.0,0.0,0.0,,,,,10.987215522882927,33.91290826403003
2024-10-13,32.473950472789504,15.5,24.0,7.0,6.583333333333333,10.0,2.5961233817509064,5.754602676005731,40.34663441095749,61.872301163132434
2024-10-14,22.326649101573807,8.0,13.0,3.0,7.615384615384615,10.0,3.099927829330234,5.754602676005731,51.23627593329873,75.96237958658077
2024-10-15,0.0,0.0,0.0,0.0,,,,,36.71239594340683,65.8501080760412
2024-10-16,0.0,0.0,0.0,0.0,,,,,26.305581179633162,57.084003387281065
2024-10-17,0.0,0.0,0.0,0.0,,,,,18.848772558047756,49.48486096569846
2024-10-18,9.131180342808277,16.0,17.0,15.0,3.0,8.0,0.6629140985962639,2.8576511180631634,22.636916046533507,52.0285126861827
2024-10-19,9.09730366948243,8.0,13.0,3.0,4.769230769230769,10.0,1.257544945081715,5.754602676005731,25.317362791653927,54.199671474006166
2024-10-20,0.0,0.0,0.0,0.0,,,,,18.140683141375877,46.984497374536296
2024-10-21,0.0,0.0,0.0,0.0,,,,,12.998367465993901,40.729822404855945
2024-10-22,4.24510498087574,4.5,7.0,2.0,4.857142857142857,6.0,1.0622263032745158,1.4190675485932571,13.558842256604056,39.55288788439515
2024-10-23,0.0,0.0,0.0,0.0,,,,,9.715335011987777,34.28752437827887
2024-10-24,14.539598185674194,9.5,13.0,6.0,5.846153846153846,9.0,1.6658908771687284,4.0551999668446745,21.500939914477218,44.26269530634973
2024-10-25,0.0,0.0,0.0,0.0,,,,,15.406096655488657,38.37035234445067
2024-10-26,21.962992662006716,8.0,14.0,2.0,5.714285714285714,12.0,3.036900653184001,11.588346719223386,33.001943289390475,55.225403115038574
2024-10-27,32.700127965364985,8.5,16.0,1.0,7.5,10.0,4.065644886351176,5.754602676005731,56.34705364199381,80.57380943058676
2024-10-28,0.0,0.0,0.0,0.0,,,,,40.37442819306943,69.84765469405843
2024-10-29,0.0,0.0,0.0,0.0,,,,,28.929541946847383,60.54938820366129
2024-10-30,11.907416435654772,30.0,30.0,30.0,2.2333333333333334,4.0,0.3969138811884924,0.7046880897187134,32.636339041128736,64.39634291280309
2024-10-31,0.0,0.0,0.0,0.0,,,,,23.3849587854705,55.82376649584324
2024-11-01,0.0,0.0,0.0,0.0,,,,,16.756055166267224,48.39238945606114
2024-11-02,43.48771734430426,8.0,16.0,0.0,9.8125,10.0,5.435964668038032,5.754602676005731,55.493955512636425,85.43801027986737
2024-11-03,0.0,0.0,0.0,0.0,,,,,39.76315667239294,74.06432291024585
2024-11-04,16.287527353466107,12.5,16.0,9.0,5.5,8.0,1.526798343245058,2.8576511180631634,44.77907411648673,80.49225204431929
2024-11-05,0.0,0.0,0.0,0.0,,,,,32.08560866296708,69.77695439834176
2024-11-06,4.587365605120382,10.0,11.0,9.0,2.8181818181818183,4.0,0.48109579043991785,0.7046880897187134,27.577708830953913,65.07546528491909
2024-11-07,0.0,0.0,0.0,0.0,,,,,19.76029185126577,56.412482671456516
2024-11-08,17.675950816022116,17.5,25.0,10.0,5.0,7.0,1.1516767048077647,2.0137527074704766,31.834818633530148,66.57868531394786
2024-11-09,0.0,0.0,0.0,0.0,,,,,22.810644317362243,57.71559089308338
2024-11-10,0.0,0.0,0.0,0.0,,,,,16.344540867752126,50.03237021623683
2024-11-11,8.631904014008596,1.5,3.0,0.0,10.0,10.0,5.754602676005731,5.754602676005731,20.343279302705888,52.00386002658352
2024-11-12,0.0,0.0,0.0,0.0,,,,,14.576596580136492,45.08099695874714
2024-11-13,0.0,0.0,0.0,0.0,,,,,10.444587851270615,39.07971996224305
2024-11-14,0.0,0.0,0.0,0.0,,,,,7.483874221474012,33.8773455636945
2024-11-15,0.0,0.0,0.0,0.0,,,,,5.3624302040821705,29.367522171366616
2024-11-16,0.0,0.0,0.0,0.0,,,,,3.8423491419914697,25.458055940781186
2024-11-17,0.0,0.0,0.0,0.0,,,,,2.7531634663932225,22.06902606566703
2024-11-18,0.0,0.0,0.0,0.0,,,,,1.9727278267986124,19.131150965337447
2024-11-19,0.0,0.0,0.0,0.0,,,,,1.413521255141393,16.584371968635384
2024-11-20,0.0,0.0,0.0,0.0,,,,,1.0128322374703698,14.376625540846426
2024-11-21,0.0,0.0,0.0,0.0,,,,,0.7257260105060274,12.462778954343769
2024-11-22,0.0,0.0,0.0,0.0,,,,,0.5200054094253713,10.80370764499229
2024-11-23,0.0,0.0,0.0,0.0,,,,,0.3726001575210212,9.365495392805897
2024-11-24,12.08165682520183,8.0,11.0,5.0,6.181818181818182,8.0,1.6815213477442235,2.8576511180631634,12.348636504390367,20.200397801437408
2024-11-25,0.0,0.0,0.0,0.0,,,,,8.848184698290165,17.511278420228244
2024-11-26,0.0,0.0,0.0,0.0,,,,,6.3400013780648,15.180140258868137
2024-11-27,0.0,0.0,0.0,0.0,,,,,4.542809496464401,13.159328105520789
2024-11-28,0.0,0.0,0.0,0.0,,,,,3.255065242188693,11.407530710237397
2024-11-29,0.0,0.0,0.0,0.0,,,,,2.332356163988653,9.888936263426292
2024-11-30,0.0,0.0,0.0,0.0,,,,,1.6712062189076455,8.572500298802392
2024-12-01,0.0,0.0,0.0,0.0,,,,,1.1974715822729622,7.431311054633622
2024-12-02,18.20059903945394,13.5,17.0,10.0,5.294117647058823,10.0,1.7122580685885738,5.754602676005731,19.058624921674856,24.642638358885044
2024-12-03,3.6237556383119705,3.5,5.0,2.0,5.2,6.0,1.1085646373810456,1.4190675485932571,17.279857131173937,24.985914223165498
2024-12-04,0.0,0.0,0.0,0.0,,,,,12.3815586767279,21.659736845115898
2024-12-05,7.773635434671248,25.0,26.0,24.0,1.5384615384615385,3.0,0.3152652677354819,0.4965853037914095,16.645409900253362,26.54998262010694
2024-12-06,0.0,0.0,0.0,0.0,,,,,11.926957370866468,23.01559317212213
2024-12-07,7.778934589293908,7.5,12.0,3.0,5.083333333333333,7.0,1.1376589746132482,2.0137527074704766,16.324972985398574,27.73064365984776
2024-12-08,24.25814443151593,7.0,14.0,0.0,7.928571428571429,10.0,3.4654492045022756,5.754602676005731,35.95549871982527,48.29722656608544
2024-12-09,0.0,0.0,0.0,0.0,,,,,25.763240620050606,41.86779832936682
2024-12-10,1.0931200168441715,3.0,3.0,3.0,2.0,3.0,0.3643733389480572,0.4965853037914095,19.553288582956917,37.38738909976985
2024-12-11,0.0,0.0,0.0,0.0,,,,,14.01054349437363,32.41030133995132
2024-12-12,21.592599619856546,10.5,18.0,3.0,6.666666666666667,10.0,2.3048522523561976,5.754602676005731,31.63159271173116,49.68837357570404
2024-12-13,0.0,0.0,0.0,0.0,,,,,22.665026581273047,43.07375292730874
2024-12-14,0.0,0.0,0.0,0.0,,,,,16.240201200469347,37.33968447198364
2024-12-15,0.0,0.0,0.0,0.0,,,,,11.636612650154326,32.368947252407644
2024-12-16,0.17377394345044514,1.0,1.0,1.0,0.0,0.0,0.17377394345044514,0.17377394345044514,8.51177125630506,28.233698954741996
2024-12-17,6.705287211294794,5.5,7.0,4.0,5.285714285714286,7.0,1.30446158766047,2.0137527074704766,12.804237824879369,31.180456863360433
2024-12-18,0.0,0.0,0.0,0.0,,,,,9.1746373095593,27.029648958961026
2024-12-19,0.0,0.0,0.0,0.0,,,,,6.573914895457709,23.431405320528818
2024-12-20,0.0,0.0,0.0,0.0,,,,,4.710415855642867,20.31216743245525
2024-12-21,0.0,0.0,0.0,0.0,,,,,3.3751604463913405,17.608169043220848
2024-12-22,0.0,0.0,0.0,0.0,,,,,2.4184081380496028,15.264132598633452
2024-12-23,0.0,0.0,0.0,0.0,,,,,1.7328651526589993,13.232139208611649
2024-12-24,0.0,0.0,0.0,0.0,,,,,1.2416521388824022,11.470649046363295
2024-12-25,2.255899232339992,4.0,5.0,3.0,3.4,4.0,0.5921174644117411,0.7046880897187134,3.145581866690148,12.19955138642283
2024-12-26,31.463846484590853,18.5,30.0,7.0,5.966666666666667,10.0,2.00467018769814,5.754602676005731,33.71775438204749,42.03936796834749
2024-12-27,13.519291581350126,13.5,21.0,6.0,4.571428571428571,8.0,1.1468004015303785,2.8576511180631634,37.67911831832374,49.96229059257626
2024-12-28,0.0,0.0,0.0,0.0,,,,,26.998268029893378,43.31120553560076
2024-12-29,0.0,0.0,0.0,0.0,,,,,19.345104374681938,37.545526890350025
2024-12-30,26.153598069052297,16.5,24.0,9.0,6.083333333333333,9.0,1.8472023378573088,4.0551999668446745,40.01497105982989,58.70098556477289
2024-12-31,0.0,0.0,0.0,0.0,,,,,28.67197965607216,50.88658707965605
2025-01-01,0.0,0.0,0.0,0.0,,,,,20.54437115971041,44.11245773306697
2025-01-02,7.048134476146668,3.5,7.0,0.0,7.0,7.0,2.0137527074704766,2.0137527074704766,21.768819668128327,45.288249188606414
2025-01-03,0.0,0.0,0.0,0.0,,,,,15.59804088644847,39.259382339982
2025-01-04,0.0,0.0,0.0,0.0,,,,,11.176484678750471,34.03309090837296
2025-01-05,0.0,0.0,0.0,0.0,,,,,8.00830121447295,29.502534368657354
2025-01-06,11.015021791453007,9.5,11.0,8.0,4.909090909090909,7.0,1.2759682593326112,2.0137527074704766,16.753220356128978,36.590116822262246
2025-01-07,4.965853037914095,10.0,10.0,10.0,3.0,3.0,0.4965853037914095,0.4965853037914095,16.970059976022675,36.68501666041058
2025-01-08,0.0,0.0,0.0,0.0,,,,,12.159579315135334,31.801430194877145
2025-01-09,16.68190596164263,13.0,16.0,10.0,5.625,7.0,1.3290258026252708,2.0137527074704766,25.39462526434249,44.24986297802974
2025-01-10,0.0,0.0,0.0,0.0,,,,,18.196044122189583,38.35922828262773
2025-01-11,0.0,0.0,0.0,0.0,,,,,13.038035342130998,33.252767249682094
2025-01-12,29.423596494506178,7.0,14.0,0.0,8.857142857142858,10.0,4.2033709277865965,5.754602676005731,38.76575704551068,58.24968552879221
2025-01-13,0.0,0.0,0.0,0.0,,,,,27.776878701204875,50.49536505230794
2025-01-14,0.0,0.0,0.0,0.0,,,,,19.903003299423503,43.773316003663425
2025-01-15,7.667895417426487,4.5,6.0,3.0,6.333333333333333,8.0,1.7672662216988844,2.8576511180631634,21.929020455916863,45.61401565978325
2025-01-16,0.0,0.0,0.0,0.0,,,,,15.712829766877544,39.541782094324795
2025-01-17,0.0,0.0,0.0,0.0,,,,,11.258734505683615,34.27789701430761
2025-01-18,8.441950164453962,17.0,20.0,14.0,3.0,3.0,0.4965853037914095,0.4965853037914095,16.509185955213788,38.15670153606997
2025-01-19,0.0,0.0,0.0,0.0,,,,,11.82934864899573,33.07720128898286
2025-01-20,6.541113059882531,8.0,11.0,5.0,4.181818181818182,7.0,1.0166788263857176,2.0137527074704766,15.017211750581726,35.215007842889996
2025-01-21,0.0,0.0,0.0,0.0,,,,,10.760302416808432,30.527112038530653
2025-01-22,9.43512077203678,19.0,20.0,18.0,3.0,3.0,0.4965853037914095,0.4965853037914095,17.14521436492284,35.89839954143672
2025-01-23,0.0,0.0,0.0,0.0,,,,,12.28508291896672,31.119529198873543
2025-01-24,0.0,0.0,0.0,0.0,,,,,8.802646564434896,26.97683211313395
2025-01-25,0.0,0.0,0.0,0.0,,,,,6.3073718793324,23.38561956414681
2025-01-26,14.79924148642173,13.5,15.0,12.0,5.266666666666667,7.0,1.1681685312125891,2.0137527074704766,19.318670925396038,35.07171825854608
2025-01-27,0.0,0.0,0.0,0.0,,,,,13.842432596717781,30.40289746459852
2025-01-28,0.0,0.0,0.0,0.0,,,,,9.918536370055532,26.355599900431287
2025-01-29,1.3568141028463938,1.5,2.0,1.0,4.5,7.0,1.181845228290816,2.0137527074704766,8.463755967056079,24.20390119118836
2025-01-30,23.39954127350049,20.5,28.0,13.0,5.285714285714286,8.0,1.3097636939956196,2.8576511180631634,29.46408742895191,44.38136830387877
2025-01-31,3.026207888843199,7.0,7.0,7.0,2.2857142857142856,4.0,0.43231541269188556,0.7046880897187134,24.13814906917082,41.499435232148905
2025-02-01,37.96043631209812,8.0,14.0,2.0,9.5,10.0,5.177718026295179,5.754602676005731,55.25617589945658,73.93537956696204
2025-02-02,18.26380802801719,4.0,7.0,1.0,9.285714285714286,10.0,5.075373722290626,5.754602676005731,57.856588162550636,82.35675458425774
2025-02-03,0.0,0.0,0.0,0.0,,,,,41.45605694144039,71.3932504442425
2025-02-04,9.483836388913488,4.5,8.0,1.0,7.125,8.0,2.1192400087945624,2.8576511180631634,39.188399200385405,71.37306739035714
2025-02-05,0.0,0.0,0.0,0.0,,,,,28.07971503834099,61.87173475808097
2025-02-06,0.0,0.0,0.0,0.0,,,,,20.11999501696101,53.63523948098554
2025-02-07,0.0,0.0,0.0,0.0,,,,,14.416606398241182,46.49520375387476
2025-02-08,0.0,0.0,0.0,0.0,,,,,10.32994987655823,40.30566457861571
2025-02-09,0.0,0.0,0.0,0.0,,,,,7.4017325232118205,34.94008985794568
2025-02-10,0.0,0.0,0.0,0.0,,,,,5.303573105373606,30.288791713138572
2025-02-11,0.0,0.0,0.0,0.0,,,,,3.800176187917251,26.25668414625627
2025-02-12,0.0,0.0,0.0,0.0,,,,,2.7229452243396546,22.761339207110524
2025-02-13,0.0,0.0,0.0,0.0,,,,,1.9510755102167334,19.731301927361436
2025-02-14,0.0,0.0,0.0,0.0,,,,,1.3980066923640206,17.10462957412779
2025-02-15,0.0,0.0,0.0,0.0,,,,,1.00171556747052,14.827625361224744
2025-02-16,0.0,0.0,0.0,0.0,,,,,0.7177605683818188,12.853740731421034
2025-02-17,0.0,0.0,0.0,0.0,,,,,0.5142979207408125,11.14262376918763
2025-02-18,3.2875640179371133,7.0,7.0,7.0,2.7142857142857144,4.0,0.46965200256244477,0.7046880897187134,3.6560745811109023,12.946858308676937
2025-02-19,0.0,0.0,0.0,0.0,,,,,2.6196919111589123,11.223345338989052
2025-02-20,0.0,0.0,0.0,0.0,,,,,1.8770912784022502,9.729270035633819
2025-02-21,4.790978714145704,8.0,8.0,8.0,3.25,5.0,0.598872339268213,1.0,6.135973387925898,13.225067888738323
2025-02-22,0.0,0.0,0.0,0.0,,,,,4.3966170532964375,11.464519075443047
2025-02-23,0.0,0.0,0.0,0.0,,,,,3.1503137792895677,9.938338217765962
2025-02-24,0.0,0.0,0.0,0.0,,,,,2.257298460993021,8.61532576122392
2025-02-25,0.0,0.0,0.0,0.0,,,,,1.617425024611527,7.468435501553426
2025-02-26,0.0,0.0,0.0,0.0,,,,,1.1589356726397408,6.474221682006328
2025-02-27,0.0,0.0,0.0,0.0,,,,,0.8304136963872695,5.612359694214733
2025-02-28,4.9771550449497735,5.5,6.0,5.0,4.5,7.0,0.997338566447502,2.0137527074704766,5.572172459140568,9.842385629313213
2025-03-01,0.0,0.0,0.0,0.0,,,,,3.9926360348911656,8.532146582870407
2025-03-02,0.0,0.0,0.0,0.0,,,,,2.860848730724704,7.396329310119387
2025-03-03,0.0,0.0,0.0,0.0,,,,,2.049887690379534,6.411714418217003
2025-03-04,7.130129952000889,8.5,10.0,7.0,4.1,8.0,0.9443458159884676,2.8576511180631634,8.598938665317615,12.688303480662803
2025-03-05,0.0,0.0,0.0,0.0,,,,,6.161408791403661,10.999209872709889
2025-03-06,0.0,0.0,0.0,0.0,,,,,4.414842316285332,9.534971953366211
2025-03-07,0.0,0.0,0.0,0.0,,,,,3.1633727508645526,8.265656461110988
2025-03-08,0.0,0.0,0.0,0.0,,,,,2.266655623010391,7.165314913064411
2025-03-09,0.0,0.0,0.0,0.0,,,,,1.6241297241750843,6.211453142885932
2025-03-10,0.0,0.0,0.0,0.0,,,,,1.16373979980502,5.3845714549016215
2025-03-11,0.0,0.0,0.0,0.0,,,,,0.8338560039211702,4.667765993879898
2025-03-12,12.423775079835472,6.0,10.0,2.0,7.0,8.0,2.3854379552088125,2.8576511180631634,13.021259015154932,16.470158261135396
2025-03-13,0.0,0.0,0.0,0.0,,,,,9.330139787449733,14.277616201966154
2025-03-14,0.0,0.0,0.0,0.0,,,,,6.685337289738013,12.376949946599584
2025-03-15,7.30710573830046,3.0,6.0,0.0,7.5,8.0,2.43570191276682,2.8576511180631634,12.097359228144263,18.03641011332183
2025-03-16,0.0,0.0,0.0,0.0,,,,,8.668136662224132,15.635365318069361
2025-03-17,0.0,0.0,0.0,0.0,,,,,6.210991322816168,13.553952648754798
2025-03-18,3.603820180530369,6.0,6.0,6.0,3.5,4.0,0.6006366967550615,0.7046880897187134,8.054189933030273,15.35344218599634
2025-03-19,0.0,0.0,0.0,0.0,,,,,5.771079268324401,13.309559716132343
2025-03-20,0.0,0.0,0.0,0.0,,,,,4.1351589915577085,11.537763173320428
2025-03-21,5.8567559384365655,7.5,9.0,6.0,3.7777777777777777,8.0,1.0238230062777476,2.8576511180631634,8.819726830088399,15.858587845939569
2025-03-22,0.0,0.0,0.0,0.0,,,,,6.3196104244660525,13.74745932489185
2025-03-23,1.3431083566939745,3.0,3.0,3.0,2.6666666666666665,3.0,0.4477027855646582,0.4965853037914095,5.871307096452416,13.26047702315727
2025-03-24,0.0,0.0,0.0,0.0,,,,,4.206975368602238,11.495214471520114
2025-03-25,0.0,0.0,0.0,0.0,,,,,3.014429574416212,9.964947378249251
2025-03-26,6.836482085643982,16.0,16.0,16.0,2.375,4.0,0.42728013035274887,0.7046880897187134,8.99641525923282,15.474874740021772
2025-03-27,0.0,0.0,0.0,0.0,,,,,6.4462132161641295,13.414826913527211
2025-03-28,10.001778913221072,3.5,7.0,0.0,8.0,8.0,2.8576511180631634,2.8576511180631634,14.620692517237238,21.63079589353175
2025-03-29,0.0,0.0,0.0,0.0,,,,,10.476183970872393,18.751258914109656
2025-03-30,0.0,0.0,0.0,0.0,,,,,7.506513830461319,16.25505194513525
2025-03-31,0.0,0.0,0.0,0.0,,,,,5.3786521927807245,14.09114529052895
2025-04-01,0.0,0.0,0.0,0.0,,,,,3.8539727048137578,12.215302434528398
2025-04-02,0.0,0.0,0.0,0.0,,,,,2.761492113095813,10.589175719257257
2025-04-03,0.0,0.0,0.0,0.0,,,,,1.9786955629357257,9.17952240759535
2025-04-04,5.866937906044987,7.0,8.0,6.0,4.25,6.0,0.8583672382556233,1.4190675485932571,7.284735230981864,13.824463011450973
2025-04-05,0.0,0.0,0.0,0.0,,,,,5.219740882238491,11.98412146054069
2025-04-06,8.547911299694455,7.0,10.0,4.0,5.1,8.0,1.5682281084414038,2.8576511180631634,12.288019074900388,18.936681341759048
2025-04-07,0.0,0.0,0.0,0.0,,,,,8.804750412094096,16.415790549782535
2025-04-08,0.0,0.0,0.0,0.0,,,,,6.308879352052894,14.230486034534364
2025-04-09,0.0,0.0,0.0,0.0,,,,,4.520509590378379,12.33609384604144
2025-04-10,0.0,0.0,0.0,0.0,,,,,3.239086661255203,10.693887124377543
2025-04-11,4.518190452083343,10.0,13.0,7.0,2.769230769230769,5.0,0.5192454970166916,1.0,6.839097462534613,13.788484862629257
2025-04-12,0.0,0.0,0.0,0.0,,,,,4.900427467971803,11.952932798453222
2025-04-13,5.1687105206058135,7.5,11.0,4.0,3.8181818181818183,7.0,0.8112617751124325,2.0137527074704766,8.680020236603445,15.530443800784003
2025-04-14,0.0,0.0,0.0,0.0,,,,,6.219506275940479,13.462998504211864
2025-04-15,0.0,0.0,0.0,0.0,,,,,4.456470983021539,11.670775867671017
2025-04-16,5.895030107109356,9.0,12.0,6.0,3.75,5.0,0.7079722336553681,1.0,9.088231101107842,16.012167779731108
2025-04-17,0.0,0.0,0.0,0.0,,,,,6.512002141674274,13.88059437534083
2025-04-18,4.6825024228853325,12.0,12.0,12.0,2.25,3.0,0.39020853524044435,0.4965853037914095,9.348555851918523,16.715282922264976
2025-04-19,0.0,0.0,0.0,0.0,,,,,6.698532976547446,14.49010935338314
2025-04-20,11.13010410096523,7.5,12.0,3.0,6.0,8.0,1.63665560498559,2.8576511180631634,15.929812713572517,23.691259664376467
2025-04-21,0.0,0.0,0.0,0.0,,,,,11.414209580851125,20.537429420290863
2025-04-22,6.769928074956195,4.0,6.0,2.0,6.333333333333333,8.0,2.080871718513754,2.8576511180631634,14.948566625087352,24.57337175708553
2025-04-23,0.0,0.0,0.0,0.0,,,,,10.711116035073447,21.302112898562733
2025-04-24,0.0,0.0,0.0,0.0,,,,,7.674850010319107,18.466330889747315
2025-04-25,0.0,0.0,0.0,0.0,,,,,5.499270336351209,16.008054137796055
2025-04-26,8.50011724293651,10.0,14.0,6.0,4.428571428571429,7.0,0.9652764250290703,2.0137527074704766,12.440516624241804,22.377145592996357
2025-04-27,0.0,0.0,0.0,0.0,,,,,8.914019680982992,19.398252974060714
2025-04-28,12.829042849606765,11.5,13.0,10.0,5.153846153846154,7.0,1.1734605193796352,2.0137527074704766,19.21621705410206,29.64495964658323
2025-04-29,0.0,0.0,0.0,0.0,,,,,13.76902119004615,25.698560356608958
2025-04-30,0.0,0.0,0.0,0.0,,,,,9.865934798622042,22.277514028540452
2025-05-01,0.0,0.0,0.0,0.0,,,,,7.069251191292206,19.311884572716355
2025-05-02,0.0,0.0,0.0,0.0,,,,,5.065339820871925,16.74104593861429
2025-05-03,0.0,0.0,0.0,0.0,,,,,3.6294745803509634,14.512442742887261
2025-05-04,6.025856688304913,5.0,8.0,2.0,5.25,7.0,1.413566388609601,2.0137527074704766,8.626488866058043,18.606372573503787
2025-05-05,0.0,0.0,0.0,0.0,,,,,6.181149372846771,16.129453178488344
2025-05-06,0.0,0.0,0.0,0.0,,,,,4.428987060978252,13.982266495486867
2025-05-07,0.0,0.0,0.0,0.0,,,,,3.173507903317102,12.120917813354987
2025-05-08,0.0,0.0,0.0,0.0,,,,,2.273917777080081,10.507355777085735
2025-05-09,0.0,0.0,0.0,0.0,,,,,1.629333284948228,9.10859450796802
2025-05-10,0.0,0.0,0.0,0.0,,,,,1.1674683140254511,7.896039276743355
2025-05-11,7.209918687809416,7.0,11.0,3.0,5.090909090909091,6.0,1.1524231916259833,1.4190675485932571,8.046446288911444,14.054820632377638
2025-05-12,0.0,0.0,0.0,0.0,,,,,5.76553070485532,12.183813391161046
2025-05-13,23.343458531008103,11.0,20.0,2.0,6.45,11.0,2.2638770441289386,8.166169912567646,27.47464180311151,33.90533709448593
2025-05-14,0.0,0.0,0.0,0.0,,,,,19.686441098728906,29.391787410789888
2025-05-15,0.0,0.0,0.0,0.0,,,,,14.105951441005931,25.479090940569368
2025-05-16,0.0,0.0,0.0,0.0,,,,,10.107355872914212,22.08726084210465
2025-05-17,8.788019936452871,8.0,11.0,5.0,4.818181818181818,9.0,1.3487499073709932,4.0551999668446745,16.03025688650778,27.934978226490976
2025-05-18,0.0,0.0,0.0,0.0,,,,,11.48618097572393,24.21621525454755
2025-05-19,5.892080586975911,8.5,10.0,7.0,3.7,6.0,0.8020681909865797,1.4190675485932571,14.122288894999103,26.8845824067364
2025-05-20,0.0,0.0,0.0,0.0,,,,,10.119062170235377,23.30565033241233
2025-05-21,19.83120160545635,10.5,18.0,3.0,6.833333333333333,8.0,2.0414861310293353,2.8576511180631634,27.081826484072757,40.03435481793007
2025-05-22,0.0,0.0,0.0,0.0,,,,,19.404976623364607,34.704897422420785
2025-05-23,14.278497579877492,5.5,8.0,3.0,7.75,8.0,2.6778281718794252,2.8576511180631634,28.182770911470676,44.363406168471116
2025-05-24,0.0,0.0,0.0,0.0,,,,,20.19383777679695,38.45765636508849
2025-05-25,0.0,0.0,0.0,0.0,,,,,14.469517047722814,33.33809237908211
2025-05-26,12.859430031284235,4.5,9.0,0.0,8.0,8.0,2.8576511180631634,2.8576511180631634,23.22729204485885,41.759485534540474
2025-05-27,0.0,0.0,0.0,0.0,,,,,16.643082009982862,36.200375114830535
2025-05-28,0.0,0.0,0.0,0.0,,,,,11.925289364600076,31.381305149713032
2025-05-29,0.0,0.0,0.0,0.0,,,,,8.544843217388562,27.20375989960279
2025-05-30,0.0,0.0,0.0,0.0,,,,,6.1226477092029805,23.582338247075878
2025-05-31,0.0,0.0,0.0,0.0,,,,,4.38706878725682,20.443007850823516
2025-06-01,0.0,0.0,0.0,0.0,,,,,3.1434721477104937,17.721591710298362
2025-06-02,0.0,0.0,0.0,0.0,,,,,2.2523962177512042,15.362456202053673
2025-06-03,13.629621072583273,14.0,16.0,12.0,4.125,9.0,1.2464811083187723,4.0551999668446745,15.24353348641999,26.946994840023713
2025-06-04,0.0,0.0,0.0,0.0,,,,,10.92246902679996,23.359754291498735
2025-06-05,0.0,0.0,0.0,0.0,,,,,7.826291046474595,20.250054738894715
2025-06-06,0.0,0.0,0.0,0.0,,,,,5.607782580462354,17.554324921879264
2025-06-07,9.622923771518726,8.0,13.0,3.0,5.3076923076923075,7.0,1.2217043912658325,2.0137527074704766,13.641075573310282,24.840380091329692
2025-06-08,0.0,0.0,0.0,0.0,,,,,9.77425775818012,21.533576522568108
2025-06-09,8.423269450144806,10.0,11.0,9.0,3.909090909090909,7.0,0.948820196146844,2.0137527074704766,15.426831171499636,27.09025104013847
2025-06-10,10.001778913221072,3.5,7.0,0.0,8.0,8.0,2.8576511180631634,2.8576511180631634,21.05558647053629,33.48571883860148
2025-06-11,0.0,0.0,0.0,0.0,,,,,15.086986968633115,29.02802961843194
2025-06-12,0.0,0.0,0.0,0.0,,,,,10.810298545244367,25.163757349512345
2025-06-13,0.0,0.0,0.0,0.0,,,,,7.745917384317874,21.813905120968457
2025-06-14,0.0,0.0,0.0,0.0,,,,,5.550192334981584,18.909992256614867
2025-06-15,9.982262892344423,4.5,8.0,1.0,7.25,8.0,2.3181822795119484,2.8576511180631634,13.959149480065378,26.374917264050914
2025-06-16,0.0,0.0,0.0,0.0,,,,,10.002167671446674,22.863832883945264
2025-06-17,0.0,0.0,0.0,0.0,,,,,7.166866310200471,19.820151430673608
2025-06-18,0.0,0.0,0.0,0.0,,,,,5.135284109955081,17.181651244952896
2025-06-19,0.0,0.0,0.0,0.0,,,,,3.6795918534748693,14.894393745464859
2025-06-20,0.0,0.0,0.0,0.0,,,,,2.6365427731469864,12.911620768120818
2025-06-21,0.0,0.0,0.0,0.0,,,,,1.889165448626863,11.1927986938394
2025-06-22,0.0,0.0,0.0,0.0,,,,,1.3536461947953267,9.702789824042075
2025-06-23,0.0,0.0,0.0,0.0,,,,,0.9699298820099183,8.411134064383027
2025-06-24,0.0,0.0,0.0,0.0,,,,,0.6949851295212475,7.2914262322495675
2025-06-25,0.0,0.0,0.0,0.0,,,,,0.4979786056851541,6.320776258395885
2025-06-26,0.0,0.0,0.0,0.0,,,,,0.3568172629692917,5.479341247669035
2025-06-27,0.0,0.0,0.0,0.0,,,,,0.255670741070739,4.749919832793873
2025-06-28,0.0,0.0,0.0,0.0,,,,,0.18319609117478855,4.117600528634086
2025-06-29,0.0,0.0,0.0,0.0,,,,,0.13126573530146662,3.5694568982725543
2025-06-30,0.0,0.0,0.0,0.0,,,,,0.094056009348992,3.0942832992233096
2025-07-01,0.0,0.0,0.0,0.0,,,,,0.0673940756461738,2.6823658076627654
2025-07-02,3.1710964037342104,4.5,8.0,1.0,4.0,4.0,0.7046880897187134,0.7046880897187134,3.2193863690818723,5.496380041442608
2025-07-03,0.0,0.0,0.0,0.0,,,,,2.3067911342816267,4.764690386554584
2025-07-04,0.0,0.0,0.0,0.0,,,,,1.652888074666812,4.130404795256318
2025-07-05,4.932816628030994,7.0,11.0,3.0,4.0,4.0,0.7046880897187134,0.7046880897187134,6.117162686403792,8.51337326206087
2025-07-06,0.0,0.0,0.0,0.0,,,,,4.383138596681991,7.38005513320468
2025-07-07,0.0,0.0,0.0,0.0,,,,,3.140656043107106,6.397606693913019
2025-07-08,0.0,0.0,0.0,0.0,,,,,2.250378390629026,5.545943854247021
2025-07-09,5.78585450476732,8.0,9.0,7.0,3.888888888888889,6.0,0.7772653643404387,1.4190675485932571,7.3983210822916705,10.593510665269406
2025-07-10,0.0,0.0,0.0,0.0,,,,,5.301128701140145,9.183280276489892
2025-07-11,11.168491490471812,12.5,16.0,9.0,4.4375,8.0,1.0355560114478877,2.8576511180631634,14.96691618622009,19.129274209372635
2025-07-12,0.0,0.0,0.0,0.0,,,,,10.724264070160341,16.582745050366267
2025-07-13,0.0,0.0,0.0,0.0,,,,,7.684270989131389,14.375215201354228
2025-07-14,0.0,0.0,0.0,0.0,,,,,5.506020762646462,12.461556362206837
2025-07-15,2.464002018267296,4.0,5.0,3.0,3.6,4.0,0.6337380215972018,0.7046880897187134,6.40923829137286,13.266649825155671
2025-07-16,0.0,0.0,0.0,0.0,,,,,4.5924199126971095,11.500565537152061
2025-07-17,0.0,0.0,0.0,0.0,,,,,3.290612658750027,9.969586098785697
2025-07-18,0.0,0.0,0.0,0.0,,,,,2.357827000964858,8.642413858693951
2025-07-19,0.0,0.0,0.0,0.0,,,,,1.6894568711076168,7.491917574596475
2025-07-20,2.1140642691561404,3.0,5.0,1.0,4.0,4.0,0.7046880897187134,0.7046880897187134,3.3246130151687745,8.608642041323808
2025-07-21,0.0,0.0,0.0,0.0,,,,,2.3821893209095593,7.462641532483898
2025-07-22,0.7046880897187134,1.0,1.0,1.0,4.0,4.0,0.7046880897187134,0.7046880897187134,2.411601325864925,7.173887107986832
2025-07-23,0.0,0.0,0.0,0.0,,,,,1.7279878586034825,6.218884189216529
2025-07-24,0.0,0.0,0.0,0.0,,,,,1.2381574049807489,5.391013264737635
2025-07-25,3.875784493452924,5.5,9.0,2.0,4.0,4.0,0.7046880897187134,0.7046880897187134,4.762963041540422,8.549134749914055
2025-07-26,0.0,0.0,0.0,0.0,,,,,3.41281215036948,7.411055976686789
2025-07-27,8.99648663469872,9.0,14.0,4.0,5.071428571428571,6.0,1.1494160269760718,1.4190675485932571,11.441873397545114,15.420967274699994
2025-07-28,0.0,0.0,0.0,0.0,,,,,8.198460540962376,13.368095723208212
2025-07-29,0.0,0.0,0.0,0.0,,,,,5.874453676103268,11.58850674419412
2025-07-30,0.0,0.0,0.0,0.0,,,,,4.209229991443289,10.045820387647813
2025-07-31,0.0,0.0,0.0,0.0,,,,,3.0160450822753595,8.708499678911691
2025-08-01,0.0,0.0,0.0,0.0,,,,,2.1610907355523956,7.549205911630097
2025-08-02,0.0,0.0,0.0,0.0,,,,,1.5484891770142324,6.544239765455554
2025-08-03,0.0,0.0,0.0,0.0,,,,,1.1095409794153364,5.673056823339731
2025-08-04,0.0,0.0,0.0,0.0,,,,,0.7950208521157967,4.917847584180183
2025-08-05,5.432492564362875,9.0,13.0,5.0,3.3846153846153846,5.0,0.5900416252025237,1.0,6.002149897462898,9.695665949428498
2025-08-06,0.0,0.0,0.0,0.0,,,,,4.300728332289425,8.404958534919928
2025-08-07,17.700778109650447,16.5,25.0,8.0,4.96,8.0,1.2276594654504616,2.8576511180631634,20.782384618007615,24.986850911889196
2025-08-08,0.0,0.0,0.0,0.0,,,,,14.891229287189555,21.660548839869417
2025-08-09,0.0,0.0,0.0,0.0,,,,,10.670032037204725,18.777051085742233
2025-08-10,10.755899232339992,12.5,20.0,5.0,4.6,5.0,0.8980293661029352,1.0,18.401311271822614,27.033309841050087
2025-08-11,0.0,0.0,0.0,0.0,,,,,13.185115681875299,23.434578858305414
2025-08-12,6.070338764678218,15.0,15.0,15.0,2.2666666666666666,4.0,0.40468925097854785,0.7046880897187134,15.517886984279347,26.385257266896026
2025-08-13,0.0,0.0,0.0,0.0,,,,,11.119051898181628,22.872796403895045
2025-08-14,2.7432292290510736,4.5,5.0,4.0,3.4,7.0,0.7500211165572623,2.0137527074704766,10.710378057993134,22.571150937073117
2025-08-15,0.0,0.0,0.0,0.0,,,,,7.674321226634577,19.566431919274287
2025-08-16,0.0,0.0,0.0,0.0,,,,,5.498891446284723,16.961707407785408
2025-08-17,11.338036428093824,10.0,18.0,2.0,5.222222222222222,6.0,1.2011915009643213,1.4190675485932571,15.278164322803217,26.041765721931935
2025-08-18,0.0,0.0,0.0,0.0,,,,,10.9472831053799,22.575031174814626
2025-08-19,11.43817044279204,23.0,24.0,22.0,2.875,5.0,0.501616964147796,1.0,19.2822415535122,31.00796605441022
2025-08-20,0.0,0.0,0.0,0.0,,,,,13.816329811138475,26.880120488772054
2025-08-21,10.060803842684418,10.0,16.0,4.0,5.0625,6.0,1.1609505708902477,1.4190675485932571,19.960636749579184,33.36258623702296
2025-08-22,0.0,0.0,0.0,0.0,,,,,14.302421210063313,28.921288687384777
2025-08-23,0.0,0.0,0.0,0.0,,,,,10.248132614025026,25.0712259953888
2025-08-24,0.0,0.0,0.0,0.0,,,,,7.343107892861345,21.7336917350448
2025-08-25,0.0,0.0,0.0,0.0,,,,,5.261566722156675,18.840457045093515
2025-08-26,7.5953616803920925,14.0,16.0,12.0,3.1875,4.0,0.5432864800586602,0.7046880897187134,11.365438979490452,23.927737513976272
2025-08-27,0.0,0.0,0.0,0.0,,,,,8.143692887220723,20.742426841889383
2025-08-28,4.471608598711583,7.5,11.0,4.0,3.5454545454545454,4.0,0.6212695927057662,0.7046880897187134,10.306819536102294,22.452760015130444
2025-08-29,0.0,0.0,0.0,0.0,,,,,7.385158910050912,19.463801445511134
2025-08-30,0.0,0.0,0.0,0.0,,,,,5.291697592614477,16.87273931823924
2025-08-31,15.188648161714147,13.5,20.0,7.0,5.1,7.0,1.2161142785542818,2.0137527074704766,18.980315172910363,29.81525298494169
2025-09-01,0.0,0.0,0.0,0.0,,,,,13.59999010594904,25.846183888106584
2025-09-02,11.942554958504882,13.5,16.0,11.0,4.6875,7.0,0.960531178802086,2.0137527074704766,21.687373692911116,34.3480405639837
2025-09-03,0.0,0.0,0.0,0.0,,,,,15.539682295085122,29.775557264640234
2025-09-04,0.0,0.0,0.0,0.0,,,,,11.134668920797651,25.81177254546259
2025-09-05,0.0,0.0,0.0,0.0,,,,,7.978338914624381,22.375655173040006
2025-09-06,0.0,0.0,0.0,0.0,,,,,5.716729638697671,19.396960961939207
2025-09-07,19.04366422420322,11.0,17.0,5.0,6.235294117647059,8.0,2.1287982901518943,2.8576511180631634,23.139880004415286,35.85846100442534
2025-09-08,0.0,0.0,0.0,0.0,,,,,16.580448546083904,31.084907363790023
2025-09-09,15.249884162997567,10.5,14.0,7.0,6.0,8.0,1.722173006156239,2.8576511180631634,27.130294689624346,42.196703372448816
2025-09-10,0.0,0.0,0.0,0.0,,,,,19.43970561020965,36.579389595889836
2025-09-11,0.0,0.0,0.0,0.0,,,,,13.929157738052165,31.709864427028624
2025-09-12,6.4503665537333275,10.5,13.0,8.0,3.6153846153846154,5.0,0.6884897349025637,1.0,16.431044202968884,33.938947229598895
2025-09-13,0.0,0.0,0.0,0.0,,,,,11.773357636849157,29.420923294126933
2025-09-14,30.33315922567351,11.5,19.0,4.0,7.421052631578948,10.0,3.029444511949072,5.754602676005731,38.76913860305896,55.83750741959746
2025-09-15,0.0,0.0,0.0,0.0,,,,,27.779301693066724,48.40430115918583
2025-09-16,4.616560465437739,8.0,10.0,6.0,3.4,4.0,0.6025936644875165,0.7046880897187134,24.521299914395524,46.577179393188025
2025-09-17,0.0,0.0,0.0,0.0,,,,,17.570279164634773,40.37672744865427
2025-09-18,0.0,0.0,0.0,0.0,,,,,12.589655156983097,35.00169268947492
2025-09-19,0.0,0.0,0.0,0.0,,,,,9.020882109305163,30.342193846353304
2025-09-20,0.0,0.0,0.0,0.0,,,,,6.4637444803120765,26.302977275339636
2025-09-21,18.498650530070794,8.0,12.0,4.0,6.083333333333333,10.0,2.6227675284507685,5.754602676005731,23.130125833762904,41.30012022769397
2025-09-22,0.0,0.0,0.0,0.0,,,,,16.573459377402795,35.80216148241334
2025-09-23,0.3523440448593567,0.5,1.0,0.0,4.0,4.0,0.7046880897187134,0.7046880897187134,12.22774661329124,31.38844659725068
2025-09-24,5.358942224843254,7.0,9.0,5.0,4.111111111111111,5.0,0.7568803296064082,1.0,14.120505531029039,32.56889288748866
2025-09-25,0.0,0.0,0.0,0.0,,,,,10.117784334112677,28.233253463494794
2025-09-26,0.0,0.0,0.0,0.0,,,,,7.24970926902471,24.474783465548906
2025-09-27,19.60597876445102,11.5,18.0,5.0,6.0,10.0,1.9826953933504707,5.754602676005731,24.800622448264242,40.82262765190653
2025-09-28,13.885557764516724,5.5,9.0,2.0,7.333333333333333,10.0,2.872829186294309,5.754602676005731,31.65598027041724,49.273791485685145
2025-09-29,0.0,0.0,0.0,0.0,,,,,22.68250103066008,42.71436087583912
2025-09-30,29.969474182042376,8.0,13.0,3.0,8.23076923076923,10.0,4.518652889390079,5.754602676005731,46.22219637263257,66.99760962726111
2025-10-01,0.0,0.0,0.0,0.0,,,,,33.119650944481464,58.07874712196266
2025-10-02,0.0,0.0,0.0,0.0,,,,,23.73126689699574,50.34718232520889
2025-10-03,11.80210346316038,10.5,15.0,6.0,5.4,7.0,1.2521728393804838,2.0137527074704766,28.80629923444112,55.44696313557692
2025-10-04,7.69538163407567,9.0,9.0,9.0,4.222222222222222,6.0,0.8550424037861856,1.4190675485932571,28.335996977310508,55.761128584570336
2025-10-05,1.986341215165638,4.0,4.0,4.0,3.0,3.0,0.4965853037914095,0.4965853037914095,22.28997026573287,50.32443125025779
2025-10-06,0.0,0.0,0.0,0.0,,,,,15.971461607156366,43.625137268345874
2025-10-07,12.082516244822859,6.0,12.0,0.0,7.0,7.0,2.0137527074704766,2.0137527074704766,23.52656856197757,49.90018361631991
2025-10-08,0.0,0.0,0.0,0.0,,,,,16.857523005017896,43.25736637046382
2025-10-09,2.768596578032022,3.0,4.0,2.0,4.75,7.0,1.0319542441566543,2.0137527074704766,14.847539629845297,40.267451485983834
2025-10-10,0.0,0.0,0.0,0.0,,,,,10.638727029769324,34.90696377246199
2025-10-11,7.00019040190369,5.5,7.0,4.0,5.428571428571429,7.0,1.3380410220333605,2.0137527074704766,14.6231714233811,37.26026584363122
2025-10-12,0.0,0.0,0.0,0.0,,,,,10.477960184740443,32.300100998660454
2025-10-13,10.722042267268732,11.5,14.0,9.0,4.857142857142857,7.0,1.078706551933503,2.0137527074704766,18.229828810580784,38.722285982706246
2025-10-14,0.0,0.0,0.0,0.0,,,,,13.06224312918127,33.567493946214285
2025-10-15,13.613540455523054,17.5,19.0,16.0,4.105263157894737,6.0,0.8285337778112073,1.4190675485932571,22.973046643908784,42.712459107494226
2025-10-16,0.0,0.0,0.0,0.0,,,,,16.46090721963275,37.02648684427011
2025-10-17,0.0,0.0,0.0,0.0,,,,,11.794755423317005,32.097443150688605
2025-10-18,0.0,0.0,0.0,0.0,,,,,8.451311561366643,27.82456410581979
2025-10-19,28.773013380028654,5.0,10.0,0.0,10.0,10.0,5.754602676005731,5.754602676005731,34.82864272916211,52.893513073546
2025-10-20,0.0,0.0,0.0,0.0,,,,,24.955813020232807,45.85221752360433
2025-10-21,4.5804725831716375,6.5,11.0,2.0,4.0,4.0,0.7046880897187134,0.7046880897187134,22.462093992993484,44.32874660892223
2025-10-22,0.0,0.0,0.0,0.0,,,,,16.09479364703126,38.427610758900485
2025-10-23,0.0,0.0,0.0,0.0,,,,,11.532423585322006,33.312046507093136
2025-10-24,0.0,0.0,0.0,0.0,,,,,8.263342585682855,28.87747691244927
2025-10-25,0.0,0.0,0.0,0.0,,,,,5.920943692639541,25.033246535948383
2025-10-26,0.0,0.0,0.0,0.0,,,,,4.2425415439206215,21.700768181011444
2025-10-27,0.0,0.0,0.0,0.0,,,,,3.0399138526291902,18.811916343720767
2025-10-28,0.0,0.0,0.0,0.0,,,,,2.178193456855811,16.307634530320772
2025-10-29,0.0,0.0,0.0,0.0,,,,,1.5607438123241466,14.13672797153801
2025-10-30,0.0,0.0,0.0,0.0,,,,,1.118321809314553,12.254817053306514
2025-10-31,3.1590998197024565,4.0,7.0,1.0,4.142857142857143,6.0,0.8019302213837428,1.4190675485932571,3.9604124113738646,13.782529888695516
2025-11-01,0.0,0.0,0.0,0.0,,,,,2.8377594955344163,11.947770563156473
2025-11-02,0.0,0.0,0.0,0.0,,,,,2.0333435304284904,10.357258252486128
2025-11-03,0.0,0.0,0.0,0.0,,,,,1.4569543047046618,8.97847828108541
2025-11-04,0.0,0.0,0.0,0.0,,,,,1.0439533773961553,7.783244395259941
2025-11-05,0.0,0.0,0.0,0.0,,,,,0.7480252816836008,6.74712255460531
2025-11-06,0.0,0.0,0.0,0.0,,,,,0.5359835354270784,5.848931429493331
2025-11-07,0.0,0.0,0.0,0.0,,,,,0.38404898508553753,5.070309393382006
2025-11-08,0.0,0.0,0.0,0.0,,,,,0.27518312260787386,4.3953391580186105
2025-11-09,0.0,0.0,0.0,0.0,,,,,0.1971773234900076,3.8102223779929045
2025-11-10,0.0,0.0,0.0,0.0,,,,,0.14128372601572717,3.3029975726156318
2025-11-11,0.0,0.0,0.0,0.0,,,,,0.10123421336479715,2.8632955986289867
2025-11-12,9.807495288474058,13.0,13.0,13.0,3.769230769230769,6.0,0.7544227144980045,1.4190675485932571,9.880032772051242,12.289622963377493
2025-11-13,0.0,0.0,0.0,0.0,,,,,7.0793528306698645,10.653602543214284
2025-11-14,0.0,0.0,0.0,0.0,,,,,5.072577961774143,9.235372597434791
2025-11-15,0.0,0.0,0.0,0.0,,,,,3.6346609349377474,8.005940400674652
2025-11-16,16.03463601738397,4.0,7.0,1.0,8.571428571428571,11.0,4.480654849292747,8.166169912567646,18.63898438058627,22.97480881744594
2025-11-17,0.0,0.0,0.0,0.0,,,,,13.355415905985867,19.91635401482949
2025-11-18,22.30359981764571,5.5,11.0,0.0,9.0,9.0,4.0551999668446745,4.0551999668446745,31.873173480019794,39.568646956702196
2025-11-19,0.0,0.0,0.0,0.0,,,,,22.838126765784327,34.30118556978241
2025-11-20,4.722307546355489,7.5,9.0,6.0,3.6666666666666665,4.0,0.6421488534370621,0.7046880897187134,21.086540448893267,34.4572472520297
2025-11-21,0.0,0.0,0.0,0.0,,,,,15.109166463312711,29.870226129012224
2025-11-22,12.02183211210161,8.0,11.0,5.0,5.636363636363637,8.0,1.689952581189754,2.8576511180631634,22.84802295973661,37.91567100388272
2025-11-23,3.879944028281694,2.5,4.0,1.0,5.75,9.0,1.689972014140847,4.0551999668446745,20.251267863641797,36.7482012757464
2025-11-24,0.0,0.0,0.0,0.0,,,,,14.510667503116117,31.856203541515985
2025-11-25,1.7617202242967835,2.5,3.0,2.0,4.0,4.0,0.7046880897187134,0.7046880897187134,12.159067827605071,29.37715904438046
2025-11-26,0.0,0.0,0.0,0.0,,,,,8.712352805869457,25.466409933019584
2025-11-27,0.0,0.0,0.0,0.0,,,,,6.2426735741708725,22.07626795691318
2025-11-28,0.0,0.0,0.0,0.0,,,,,4.473071077585017,19.13742880081113
2025-11-29,0.0,0.0,0.0,0.0,,,,,3.205095481511704,16.58981408546579
2025-11-30,0.0,0.0,0.0,0.0,,,,,2.2965512658817113,14.381343191654564
2025-12-01,0.0,0.0,0.0,0.0,,,,,1.6455508883421175,12.46686858156808
2025-12-02,8.056203535184475,14.5,15.0,14.0,3.1333333333333333,5.0,0.5704135690122983,1.0,9.235292269824114,18.863456387635736
2025-12-03,0.0,0.0,0.0,0.0,,,,,6.617376073629058,16.352313455342813
2025-12-04,0.0,0.0,0.0,0.0,,,,,4.741557150597065,14.175459144224213
2025-12-05,0.0,0.0,0.0,0.0,,,,,3.3974741592778366,12.288392250939593
2025-12-06,0.0,0.0,0.0,0.0,,,,,2.434396611987931,10.65253566580092
2025-12-07,2.4320794715386382,4.5,6.0,3.0,3.1666666666666665,4.0,0.5815186010194514,0.7046880897187134,4.1764008663827425,11.666527216522041
2025-12-08,0.0,0.0,0.0,0.0,,,,,2.9925219862707353,10.113454610836959
2025-12-09,0.0,0.0,0.0,0.0,,,,,2.144235700743449,8.767130292261132
2025-12-10,15.697631769753244,7.0,12.0,2.0,7.333333333333333,8.0,2.4988239466724216,2.8576511180631634,17.234043786586057,23.29766326434477
2025-12-11,0.0,0.0,0.0,0.0,,,,,12.348731980888576,20.196229399682153
2025-12-12,0.0,0.0,0.0,0.0,,,,,8.848253110190557,17.507664924869335
2025-12-13,0.0,0.0,0.0,0.0,,,,,6.340050397333447,15.17700779960065
2025-12-14,14.973494300440375,7.5,12.0,3.0,7.0,8.0,2.319410360977051,2.8576511180631634,19.516338920745582,28.13010694625031
2025-12-15,4.383090330529486,9.5,10.0,9.0,2.7,4.0,0.47354343753888434,0.7046880897187134,18.36715823501357,28.768458359842953
2025-12-16,0.0,0.0,0.0,0.0,,,,,13.16064396165044,24.938740762031212
2025-12-17,0.0,0.0,0.0,0.0,,,,,9.430013465836415,21.61884321420386
2025-12-18,0.0,0.0,0.0,0.0,,,,,6.7568999074042475,18.740897400557508
2025-12-19,0.0,0.0,0.0,0.0,,,,,4.841530346068281,16.24606977802893
2025-12-20,0.0,0.0,0.0,0.0,,,,,3.469108084051077,14.083358848372617
2025-12-21,0.0,0.0,0.0,0.0,,,,,2.4857245619872455,12.20855253990539
2025-12-22,0.0,0.0,0.0,0.0,,,,,1.7810994781261793,10.58332438478293
2025-12-23,0.0,0.0,0.0,0.0,,,,,1.2762135433240434,9.174450015055509
2025-12-24,0.0,0.0,0.0,0.0,,,,,0.9144469627699962,7.953127960414341
2025-12-25,0.0,0.0,0.0,0.0,,,,,0.6552298806838064,6.89439086276843
2025-12-26,0.0,0.0,0.0,0.0,,,,,0.46949272513347534,5.976595071173539
2025-12-27,0.0,0.0,0.0,0.0,,,,,0.3364062376447489,5.1809781829562045
2025-12-28,0.0,0.0,0.0,0.0,,,,,0.24104560234478956,4.4912754858925865
2025-12-29,0.0,0.0,0.0,0.0,,,,,0.1727167213561605,3.893387460410042
2025-12-30,0.0,0.0,0.0,0.0,,,,,0.12375693871133767,3.37509154459395
2025-12-31,0.0,0.0,0.0,0.0,,,,,0.0886757214874349,2.9257922696422
2026-01-01,0.0,0.0,0.0,0.0,,,,,0.06353893093346805,2.5363046578127473
2026-01-02,0.0,0.0,0.0,0.0,,,,,0.04552763345421534,2.1986664548913173
2026-01-03,0.0,0.0,0.0,0.0,,,,,0.03262197486627201,1.9059753586673625
2026-01-04,0.0,0.0,0.0,0.0,,,,,0.0233746664044351,1.6522479158971621
2026-01-05,0.0,0.0,0.0,0.0,,,,,0.016748680352995003,1.4322972031995467
2026-01-06,0.0,0.0,0.0,0.0,,,,,0.012000953883712985,1.2416267913276822
2026-01-07,0.0,0.0,0.0,0.0,,,,,0.008599059214432471,1.0763388251396981
2026-01-08,0.0,0.0,0.0,0.0,,,,,0.006161495168618917,0.9330543401566794
2026-01-09,0.0,0.0,0.0,0.0,,,,,0.004414904208264583,0.8088441867478138
2026-01-10,0.0,0.0,0.0,0.0,,,,,0.0031634170984055593,0.7011691498330884
2026-01-11,1.7617202242967835,2.5,3.0,2.0,4.0,4.0,0.7046880897187134,0.7046880897187134,1.7639869116961957,2.369548264273712
2026-01-12,0.0,0.0,0.0,0.0,,,,,1.2639518536726861,2.0541090226902834
2026-01-13,0.0,0.0,0.0,0.0,,,,,0.9056610782142601,1.780661715447651
2026-01-14,0.0,0.0,0.0,0.0,,,,,0.6489345193085349,1.543616288052815
2026-01-15,0.0,0.0,0.0,0.0,,,,,0.46498190159671643,1.3381268458073956
2026-01-16,0.0,0.0,0.0,0.0,,,,,0.33317409134418796,1.1599925896928502
2026-01-17,7.901079261999337,6.5,11.0,2.0,5.2727272727272725,9.0,1.3005066563824785,4.0551999668446745,8.13980893031942,8.906651201878049
2026-01-18,0.0,0.0,0.0,0.0,,,,,5.832427960662008,7.7209790876914735
2026-01-19,0.0,0.0,0.0,0.0,,,,,4.1791172504803615,6.693146135553057
2026-01-20,0.0,0.0,0.0,0.0,,,,,2.994468360528224,5.802140464709279
2026-01-21,0.0,0.0,0.0,0.0,,,,,2.1456303388410345,5.029747340102722
2026-01-22,0.0,0.0,0.0,0.0,,,,,1.53741131869665,4.360176810462311
2026-01-23,0.0,0.0,0.0,0.0,,,,,1.1016033470766882,3.7797409159930133
2026-01-24,0.0,0.0,0.0,0.0,,,,,0.7893332900133322,3.276573866855851
2026-01-25,0.0,0.0,0.0,0.0,,,,,0.5655820167727738,2.8403894720763314
2026-01-26,0.0,0.0,0.0,0.0,,,,,0.40525722371516243,2.462270860026057
2026-01-27,0.0,0.0,0.0,0.0,,,,,0.29037948962812066,2.134488191755462
2026-01-28,0.0,0.0,0.0,0.0,,,,,0.20806599626698535,1.8503406407105376
2026-01-29,0.0,0.0,0.0,0.0,,,,,0.14908580099102417,1.6040194084415562
2026-01-30,0.0,0.0,0.0,0.0,,,,,0.10682464437204169,1.390488975948345
2026-01-31,0.0,0.0,0.0,0.0,,,,,0.076543202433478,1.2053841630958821
2026-02-01,0.0,0.0,0.0,0.0,,,,,0.054845601155174846,1.0449208916966886
2026-02-02,0.0,0.0,0.0,0.0,,,,,0.03929859047492476,0.9058188279991123
2026-02-03,0.0,0.0,0.0,0.0,,,,,0.02815867053670047,0.7852343231700415
2026-02-04,9.731824116459942,15.0,17.0,13.0,3.588235294117647,6.0,0.712277534779149,1.4190675485932571,9.752000685563619,10.412526397341342
2026-02-05,0.0,0.0,0.0,0.0,,,,,6.987613831943391,9.026389014420587
2026-02-06,0.0,0.0,0.0,0.0,,,,,5.006844096785936,7.82477715114903
2026-02-07,0.0,0.0,0.0,0.0,,,,,3.5875605625086666,6.783126382801281
2026-02-08,0.7046880897187134,1.0,1.0,1.0,4.0,4.0,0.7046880897187134,0.7046880897187134,3.275287561335889,6.584830442181533
2026-02-09,0.0,0.0,0.0,0.0,,,,,2.3468460888300346,5.708243983929387
2026-02-10,0.0,0.0,0.0,0.0,,,,,1.6815887037443562,4.9483505560503165
2026-02-11,3.751476135671012,6.0,7.0,5.0,3.7142857142857144,5.0,0.6576885972186242,1.0,4.956387093411035,8.041091872927554
2026-02-12,0.0,0.0,0.0,0.0,,,,,3.551406539752823,6.970644834501692
2026-02-13,0.0,0.0,0.0,0.0,,,,,2.544693982309416,6.042697954037279
2026-02-14,8.188310768731334,8.5,13.0,4.0,4.846153846153846,7.0,1.0589209203473169,2.0137527074704766,10.011663682884734,13.42659207995189
2026-02-15,0.0,0.0,0.0,0.0,,,,,7.173670499721409,11.639215943071116
2026-02-16,0.0,0.0,0.0,0.0,,,,,5.140159524789911,10.08977907146832
2026-02-17,0.0,0.0,0.0,0.0,,,,,3.6830852408560606,8.746606490417793
2026-02-18,0.0,0.0,0.0,0.0,,,,,2.6390458945855735,7.582239864354683
2026-02-19,0.0,0.0,0.0,0.0,,,,,1.890959013511779,6.57287616901389
2026-02-20,0.0,0.0,0.0,0.0,,,,,1.3549313401929148,5.697881088712781
2026-02-21,2.8991320908116553,5.0,6.0,4.0,3.5,4.0,0.6006366967550615,0.7046880897187134,3.869982819737585,7.838499282021269
2026-02-22,0.0,0.0,0.0,0.0,,,,,2.7729638617246204,6.7950217947919045
2026-02-23,0.0,0.0,0.0,0.0,,,,,1.986915430015298,5.890454222225916
2026-02-24,2.0,2.0,4.0,0.0,5.0,5.0,1.0,1.0,3.4236871170681455,7.106304584737791
2026-02-25,0.0,0.0,0.0,0.0,,,,,2.453179016987437,6.160298393402583
2026-02-26,0.0,0.0,0.0,0.0,,,,,1.7577795761141282,5.3402265331072485
2026-02-27,0.0,0.0,0.0,0.0,,,,,1.259504103372896,4.629324361210205
2026-02-28,9.288490808144784,9.5,12.0,7.0,4.416666666666667,7.0,1.0375840255413724,2.0137527074704766,10.190964934007631,13.301549787653038
2026-03-01,0.0,0.0,0.0,0.0,,,,,7.302145460176018,11.530819543343139
2026-03-02,8.221010990021227,4.5,8.0,1.0,5.5,10.0,1.9671667362904677,5.754602676005731,13.453226846601595,18.216823618152876
2026-03-03,0.0,0.0,0.0,0.0,,,,,9.639658263841927,15.791761798223868
2026-03-04,13.68389292457833,13.0,16.0,10.0,4.9375,8.0,1.1455705382276111,2.8576511180631634,20.591009893852444,27.37342222557779
2026-03-05,0.0,0.0,0.0,0.0,,,,,14.754103305279953,23.729414767883817
2026-03-06,0.0,0.0,0.0,0.0,,,,,10.571776977673322,20.570505236284067
2026-03-07,0.0,0.0,0.0,0.0,,,,,7.575009212906078,17.832116376030044
2026-03-08,0.0,0.0,0.0,0.0,,,,,5.42773127893212,15.458267592153744
2026-03-09,6.4664083140154975,7.5,12.0,3.0,4.666666666666667,5.0,0.9015626965729044,1.0,10.355547720751078,19.866838858078033
2026-03-10,0.0,0.0,0.0,0.0,,,,,7.420074180059186,17.22212354396598
2026-03-11,0.0,0.0,0.0,0.0,,,,,5.3167154767925435,14.929478287031385
2026-03-12,0.0,0.0,0.0,0.0,,,,,3.80959310853411,12.942034781827706
2026-03-13,7.829366505282467,5.0,8.0,2.0,6.0,8.0,1.7811696038909384,2.8576511180631634,10.559059248093288,19.04853043544707
2026-03-14,0.0,0.0,0.0,0.0,,,,,7.565896561462574,16.512750057207768
2026-03-15,0.0,0.0,0.0,0.0,,,,,5.421201778850504,14.314538088691961
2026-03-16,2.55703213457807,3.0,4.0,2.0,4.5,5.0,0.8523440448593567,1.0,6.441492950062779,14.965988848797338
2026-03-17,0.0,0.0,0.0,0.0,,,,,4.615531385560307,12.973684980930074
2026-03-18,0.0,0.0,0.0,0.0,,,,,3.307172752689984,11.246600788289136
2026-03-19,0.0,0.0,0.0,0.0,,,,,2.3696928267788806,9.749429670680822
2026-03-20,0.0,0.0,0.0,0.0,,,,,1.6979591068291786,8.451565116681895
2026-03-21,4.5,4.5,9.0,0.0,5.0,5.0,1.0,1.0,5.7166408641170126,11.8264750179511
2026-03-22,0.0,0.0,0.0,0.0,,,,,4.096152170445442,10.252109825009441
2026-03-23,17.32773348559119,19.5,22.0,17.0,4.181818181818182,8.0,1.0604827404871726,2.8576511180631634,20.26275476859013,26.215060918703575
2026-03-24,0.0,0.0,0.0,0.0,,,,,14.518898230173185,22.725256951028822
2026-03-25,0.0,0.0,0.0,0.0,,,,,10.403245176953462,19.70002301699108
2026-03-26,0.0,0.0,0.0,0.0,,,,,7.454250900862916,17.077514577999462
2026-03-27,13.555010829881907,9.5,17.0,2.0,5.823529411764706,7.0,1.4174275854290197,2.0137527074704766,18.896214997223062,28.35913080021119
2026-03-28,0.0,0.0,0.0,0.0,,,,,13.539729696844333,24.58390374682776
2026-03-29,0.0,0.0,0.0,0.0,,,,,9.701640264494724,21.31124284771067
2026-03-30,5.479195560240924,8.0,11.0,5.0,3.8181818181818183,7.0,0.7497992852975405,2.0137527074704766,12.430724573674773,23.95344100113043
2026-03-31,0.0,0.0,0.0,0.0,,,,,8.907003370156993,20.764708626849835
2026-04-01,0.0,0.0,0.0,0.0,,,,,6.382146798103748,18.000467003368062
2026-04-02,0.0,0.0,0.0,0.0,,,,,4.573008009519591,15.60420703040215
2026-04-03,6.6728801905939665,14.0,16.0,12.0,2.875,4.0,0.5051410231269621,0.7046880897187134,9.949583612919474,20.199822408376
2026-04-04,0.0,0.0,0.0,0.0,,,,,7.129188185828688,17.51077962469964
2026-04-05,31.79364244123437,6.5,13.0,0.0,9.307692307692308,10.0,4.891329606343749,5.754602676005731,36.90192899535337,46.97335030528227
2026-04-06,0.0,0.0,0.0,0.0,,,,,26.441387545741467,40.72015925687264
2026-04-07,0.0,0.0,0.0,0.0,,,,,18.946082071539603,35.29940613409067
2026-04-08,0.0,0.0,0.0,0.0,,,,,13.575461016958844,30.600275051949193
2026-04-09,4.056391808402418,5.5,8.0,3.0,3.875,7.0,0.8145311129690094,2.0137527074704766,13.783634682527325,30.583093977214013
2026-04-10,0.0,0.0,0.0,0.0,,,,,9.87640582354164,26.51180827482971
2026-04-11,0.0,0.0,0.0,0.0,,,,,7.076754008500896,22.982500675863864
2026-04-12,32.43009381070198,8.5,16.0,1.0,8.4375,10.0,3.9912617263377475,5.754602676005731,37.50080963502145,52.353115727601974
2026-04-13,0.0,0.0,0.0,0.0,,,,,26.8705042753601,45.3837590073218
2026-04-14,0.0,0.0,0.0,0.0,,,,,19.25355764420238,39.34217769103551
2026-04-15,0.0,0.0,0.0,0.0,,,,,13.79577689200833,34.10486436840331
2026-04-16,0.0,0.0,0.0,0.0,,,,,9.885106096814326,29.564753194946267
2026-04-17,0.0,0.0,0.0,0.0,,,,,7.082988026711323,25.62903115626749
2026-04-18,2.2617202242967838,3.0,5.0,1.0,4.2,5.0,0.7637504717749708,1.0,7.336902917854706,24.478960925673913
2026-04-19,0.0,0.0,0.0,0.0,,,,,5.257120663283091,21.220270235314963
2026-04-20,4.5234404485935675,6.0,7.0,5.0,4.142857142857143,5.0,0.7468755054731829,1.0,8.29033200730035,22.918823742314697
2026-04-21,0.0,0.0,0.0,0.0,,,,,5.940282458282753,19.86782179048236
2026-04-22,0.0,0.0,0.0,0.0,,,,,4.256398375011831,17.22297562634424
2026-04-23,6.95759521375905,9.5,15.0,4.0,4.066666666666666,6.0,0.7675095760331903,1.4190675485932571,10.007437919730425,21.887812152172913
2026-04-24,0.0,0.0,0.0,0.0,,,,,7.170642608110277,18.974060628602157
2026-04-25,12.79332514151817,13.5,20.0,7.0,4.7,8.0,1.1192139294266217,2.8576511180631634,17.931315087163682,29.24151896897342
2026-04-26,0.0,0.0,0.0,0.0,,,,,12.848348699716954,25.348826549328773
2026-04-27,1.7617202242967835,2.5,3.0,2.0,4.0,4.0,0.7046880897187134,0.7046880897187134,10.967964356814015,23.736057744510553
2026-04-28,0.0,0.0,0.0,0.0,,,,,7.858889874914554,20.57626388591034
2026-04-29,3.8709719019565214,6.5,11.0,2.0,3.6363636363636362,4.0,0.6401880277900666,0.7046880897187134,9.502112563684129,21.708080324079987
2026-04-30,0.0,0.0,0.0,0.0,,,,,6.808561168476258,18.8182550789467
2026-05-01,0.0,0.0,0.0,0.0,,,,,4.878547257170103,16.313129439800502
2026-05-02,0.0,0.0,0.0,0.0,,,,,3.495631859876259,14.141491387127115
2026-05-03,11.402977699728261,9.5,16.0,3.0,5.0625,7.0,1.3440457872928153,2.0137527074704766,13.90770737756889,23.661924052736296
2026-05-04,0.0,0.0,0.0,0.0,,,,,9.965307794326195,20.511999026884347
2026-05-05,0.0,0.0,0.0,0.0,,,,,7.140455054139746,17.781398636103273
2026-05-06,0.0,0.0,0.0,0.0,,,,,5.11635961803599,15.414301504285948
2026-05-07,0.0,0.0,0.0,0.0,,,,,3.6660318624781394,13.362317314151467
2026-05-08,0.0,0.0,0.0,0.0,,,,,2.6268266150267308,11.583497569087111
2026-05-09,0.0,0.0,0.0,0.0,,,,,1.882203517115214,10.04147804445157
2026-05-10,0.0,0.0,0.0,0.0,,,,,1.34865775288516,8.704735397561738
2026-05-11,0.0,0.0,0.0,0.0,,,,,0.9663555071903053,7.545942739319381
2026-05-12,6.5172613263151815,6.0,9.0,3.0,5.222222222222222,7.0,1.2827518601395704,2.0137527074704766,7.20968530436245,13.0586723198115
2026-05-13,0.0,0.0,0.0,0.0,,,,,5.165965259959416,11.320274434124025
2026-05-14,7.636827374219142,8.5,12.0,5.0,4.416666666666667,7.0,1.1146581027178373,2.0137527074704766,11.338403232316528,17.450123100268254
2026-05-15,0.0,0.0,0.0,0.0,,,,,8.12432092786585,15.127126063542672
2026-05-16,0.0,0.0,0.0,0.0,,,,,5.821330321965782,13.113371271220103
2026-05-17,11.558472487408554,7.5,12.0,3.0,6.166666666666667,7.0,1.633883913629602,2.0137527074704766,15.729637932289634,22.92616423364821
